season,calendar_start,calendar_end,resort_open_date,resort_close_date
06-07,2006-10-01,2007-04-30,2006-11-01,2007-04-15
07-08,2007-10-01,2008-04-30,2007-11-02,2008-04-13
08-09,2008-10-01,2009-04-30,2008-11-07,2009-04-12
09-10,2009-10-01,2010-04-30,2009-11-04,2010-04-11
10-11,2010-10-01,2011-04-30,2010-11-05,2011-04-10
11-12,2011-10-01,2012-04-30,2011-11-03,2012-04-08
12-13,2012-10-01,2013-04-30,2012-11-02,2013-04-07
13-14,2013-10-01,2014-04-30,2013-11-01,2014-04-20
14-15,2014-10-01,2015-04-30,2014-11-07,2015-04-12
15-16,2015-10-01,2016-04-30,2015-11-06,2016-04-10
16-17,2016-10-01,2017-04-30,2016-11-18,2017-04-16
17-18,2017-10-01,2018-04-30,2017-11-10,2018-04-08
18-19,2018-10-01,2019-04-30,2018-11-07,2019-04-07
19-20,2019-10-01,2020-04-30,2019-10-12,2020-03-14
20-21,2020-10-01,2021-04-30,2020-11-06,2021-04-11
21-22,2021-10-01,2022-04-30,2021-10-22,2022-04-17
22-23,2022-10-01,2023-04-30,2022-10-28,2023-04-16
23-24,2023-10-01,2024-04-30,2023-11-01,2024-04-07
24-25,2024-10-01,2025-04-30,2024-11-02,2025-04-06
25-26,2025-10-01,2026-04-30,2025-10-25,2026-04-05