trail_id,current_name,season,opening_date,closing_date,days_open
T001,Acapulco Road,25-26,2025-11-16,2026-04-06,89
T068,Ambush,25-26,2025-12-11,2026-03-28,90
T063,Anticipation,25-26,2025-12-18,2026-03-30,102
T016,Bachelor,25-26,2026-01-01,2026-03-27,85
T084,Badger,25-26,2025-12-31,2026-03-28,87
T133,Bald Mtn Glades,25-26,2026-02-28,2026-03-13,8
T017,Ballhooter,25-26,2026-01-06,2026-03-14,59
T018,Beger,25-26,2026-01-13,2026-03-22,68
T080,Bighorn,25-26,2025-12-31,2026-03-26,85
T102,Bingo,25-26,2026-01-17,2026-03-24,66
T085,Black Forest,25-26,2025-12-31,2026-03-28,87
T069,Black Hawk,25-26,2026-03-08,2026-03-16,8
T019,Bobtail,25-26,2026-03-08,2026-03-14,6
T110,Buffalo,25-26,2026-03-08,2026-03-24,16
T070,Bullet,25-26,2025-12-11,2026-03-26,82
T071,Bullet Glades,25-26,2026-01-06,2026-03-24,77
T086,Bushwhacker,25-26,2025-12-31,2026-03-28,87
T072,Cat Dancer,25-26,2026-01-26,2026-03-23,31
T099,Christmas Tree,25-26,2026-02-01,2026-03-23,50
T095,Conquest,25-26,2026-01-02,2026-03-26,80
T087,Coyote Caper,25-26,2025-12-31,2026-03-28,87
T020,Cross Cut,25-26,2026-01-15,2026-03-27,71
T021,Dercum's Dash,25-26,2025-11-21,2026-04-06,136
T040,Diamond Back,25-26,2026-01-09,2026-03-23,73
T002,Discovery,25-26,2025-12-06,2026-03-23,107
T129,Eagle's Nest,25-26,2026-02-28,2026-03-21,21
T004,Easy Street,25-26,2025-12-14,2026-03-27,103
T077,Elk Run,25-26,2025-12-31,2026-03-30,89
T005,Endeavor,25-26,2025-10-26,2026-04-06,162
T022,Flying Dutchman,25-26,2025-12-17,2026-04-06,110
T066,Foxtrot,25-26,2026-02-07,2026-03-23,44
T130,Foxtrot Glades,25-26,2026-03-08,2026-03-10,2
T006,Freda's,25-26,2025-12-07,2026-03-26,108
T023,Frenchman,25-26,2025-12-13,2026-03-28,105
T024,Gassy Thompson,25-26,2025-12-07,2026-03-27,110
T074,Geronimo,25-26,2026-01-11,2026-03-24,55
T075,Glades,25-26,2026-03-08,2026-03-24,16
T043,Go Devil Lower,25-26,2026-01-09,2026-03-26,75
T042,Go Devil Upper,25-26,2026-01-25,2026-03-23,57
T098,Goalpost Gully,25-26,2026-01-17,2026-03-23,58
T111,Gray's,25-26,2026-01-26,2026-03-24,57
T025,Haywood,25-26,2025-12-09,2026-04-06,118
T026,Hoodoo,25-26,2025-12-07,2026-03-24,107
T052,I-70,25-26,2026-01-09,2026-03-30,80
T044,Ida Belle,25-26,2025-12-07,2026-03-24,100
T007,Ina's Way,25-26,2025-11-02,2026-03-27,145
T127,Independence Bowl,25-26,2026-02-21,2026-03-23,30
T126,Indy Face,25-26,2026-02-26,2026-03-23,25
T045,Jack Face,25-26,2025-12-07,2026-03-29,88
T027,Jackwhacker,25-26,2026-01-13,2026-04-06,83
T028,Jacques St. James,25-26,2026-01-15,2026-03-26,70
T112,Jane's Journey,25-26,2026-01-26,2026-03-24,57
T008,Jaybird,25-26,2025-11-28,2026-04-06,100
T064,Last Alamo,25-26,2025-12-05,2026-04-06,122
T009,Last Chance,25-26,2025-12-04,2026-04-06,123
T120,Liberty,25-26,2026-02-21,2026-03-23,30
T121,Liberty Trees,25-26,2026-02-21,2026-03-23,30
T083,Lodgepole,25-26,2026-01-11,2026-03-28,76
T055,Lost Mine,25-26,2026-02-01,2026-03-26,53
T062,Lower Prospector,25-26,2026-01-02,2026-04-06,94
T053,Main Street,25-26,2026-02-07,2026-04-06,58
T029,Midland,25-26,2026-01-13,2026-03-25,71
T123,Midnight Ride,25-26,2026-02-21,2026-03-23,30
T107,Miners,25-26,2026-01-02,2026-03-24,81
T030,Missouri,25-26,2026-01-15,2026-03-26,70
T010,Modest Girl,25-26,2026-01-16,2026-03-23,66
T031,Mozart,25-26,2025-11-28,2026-04-06,129
T103,Mr. Toad's Wild Ride,25-26,2026-01-17,2026-03-24,66
T056,Murphy's Mine,25-26,2026-03-11,2026-03-14,3
T136,North Bowl,25-26,2026-01-02,2026-03-26,80
T131,Nuchu,25-26,2026-02-28,2026-03-21,21
T081,Oh Bob,25-26,2026-01-06,2026-03-20,61
T032,Orfint Boy,25-26,2025-11-23,2026-03-20,117
T048,Packsaddle Bowl,25-26,2026-01-11,2026-03-26,74
T054,Park Lane,25-26,2026-02-05,2026-04-06,52
T122,Patriot,25-26,2026-02-21,2026-03-23,30
T033,Paymaster,25-26,2025-11-25,2026-03-27,122
T088,Pika Glades,25-26,2026-01-26,2026-02-17,22
T079,Porcupine,25-26,2025-12-31,2026-03-30,89
T076,Powder Cap,25-26,2025-12-11,2026-03-28,94
T061,Prospector,25-26,2025-12-05,2026-04-06,122
T113,Ptarmigan,25-26,2026-01-26,2026-03-24,57
T104,Puma Bowl,25-26,2026-01-17,2026-03-23,58
T109,Quandary,25-26,2026-01-26,2026-03-24,57
T114,Red,25-26,2026-01-26,2026-03-24,57
T124,Revolution,25-26,2026-02-21,2026-03-23,30
T049,Richter,25-26,2026-01-09,2026-03-26,75
T058,Ripperoo's Forest,25-26,2026-02-22,2026-03-14,11
T057,Ripperoo's Glade,25-26,2026-02-18,2026-03-14,18
T034,River Run,25-26,2025-12-05,2026-04-06,122
T035,Sante Fe,25-26,2025-12-17,2026-03-23,96
T011,Schoolmarm,25-26,2025-10-25,2026-04-06,163
T012,Scout,25-26,2025-11-23,2026-04-06,134
T013,Silver Spoon,25-26,2025-11-02,2026-03-23,141
T132,Silverheels,25-26,2026-02-28,2026-03-21,21
T003,Silvermaster,25-26,2025-11-21,2026-03-23,122
T014,Ski-Daddle,25-26,2025-12-05,2026-03-31,116
T137,South Bowl,25-26,2026-01-17,2026-03-24,66
T101,South Bowl Trees,25-26,2026-01-17,2026-03-13,27
T065,Spillway,25-26,2026-01-10,2026-03-27,76
T036,Spring Dipper,25-26,2025-11-14,2026-04-06,143
T067,Starfire,25-26,2025-12-11,2026-03-28,107
T037,Swandyke,25-26,2026-01-16,2026-03-25,68
T106,Tele Trees,25-26,2026-01-17,2026-03-23,52
T108,Ten Mile,25-26,2026-01-26,2026-03-24,57
T128,Tenderfoot Glades,25-26,2026-02-28,2026-03-21,21
T051,The Alley,25-26,2025-12-20,2026-04-06,107
T100,The Corral,25-26,2026-02-01,2026-03-23,50
T050,The Edge,25-26,2025-12-04,2026-04-06,123
T089,The Grizz,25-26,2025-12-31,2026-03-28,87
T097,The Stadium,25-26,2026-01-02,2026-03-26,80
T094,The Trap,25-26,2026-01-02,2026-03-26,80
T078,The Willows,25-26,2026-01-15,2026-03-30,74
T093,The Wolf Den,25-26,2026-01-02,2026-03-26,80
T116,Thorne,25-26,2026-01-02,2026-03-24,81
T090,Timberwolf,25-26,2025-12-31,2026-03-28,87
T117,Torreys,25-26,2026-01-26,2026-03-24,57
T125,Two If By Sea,25-26,2026-02-26,2026-03-23,25
T015,Two Sled Road,25-26,2025-12-20,2026-03-26,96
T119,Uneva,25-26,2026-01-26,2026-03-23,56
T041,Upper Frenchman,25-26,2025-12-13,2026-03-28,105
T115,Ute,25-26,2026-03-08,2026-03-20,12
T096,Victory Chutes,25-26,2026-01-02,2026-03-26,80
T038,Whipsaw,25-26,2025-12-07,2026-03-29,83
T039,Wild Irishman,25-26,2025-12-07,2026-03-26,100
T082,Wildcat,25-26,2026-01-10,2026-03-14,35
T091,Wildfire,25-26,2026-01-26,2026-03-20,44
T118,Witchita,25-26,2026-01-26,2026-03-24,57
T092,Wolverine,25-26,2026-01-11,2026-03-20,54
T105,Wombat Chutes,25-26,2026-01-17,2026-03-23,58
T001,Acapulco Road,24-25,2024-11-19,2025-04-08,140
T068,Ambush,24-25,2024-11-28,2025-04-07,130
T063,Anticipation,24-25,2024-12-13,2025-04-07,115
T016,Bachelor,24-25,2024-11-28,2025-04-08,131
T084,Badger,24-25,2024-12-13,2025-04-07,112
T133,Bald Mtn Glades,24-25,2025-01-08,2025-04-04,83
T017,Ballhooter,24-25,2024-11-30,2025-04-08,129
T018,Beger,24-25,2025-01-02,2025-04-07,91
T080,Bighorn,24-25,2024-12-13,2025-04-07,112
T085,Black Forest,24-25,2024-12-13,2025-04-07,112
T069,Black Hawk,24-25,2025-01-11,2025-04-07,86
T143,Black Jack,24-25,2025-01-15,2025-03-31,70
T019,Bobtail,24-25,2024-11-30,2025-04-07,119
T142,Brahma,24-25,2025-01-15,2025-03-31,70
T146,Buck Shot,24-25,2025-01-15,2025-03-31,70
T110,Buffalo,24-25,2024-12-20,2025-04-07,105
T070,Bullet,24-25,2024-11-28,2025-04-07,130
T071,Bullet Glades,24-25,2024-11-28,2025-04-07,130
T086,Bushwhacker,24-25,2024-12-13,2025-04-07,112
T072,Cat Dancer,24-25,2024-11-30,2025-04-07,128
T073,Cat South Glades,24-25,2024-12-04,2025-04-07,124
T087,Coyote Caper,24-25,2024-12-13,2025-04-07,112
T140,Crap Game,24-25,2025-01-15,2025-03-31,70
T020,Cross Cut,24-25,2024-12-10,2025-04-08,104
T021,Dercum's Dash,24-25,2024-11-15,2025-04-07,143
T040,Diamond Back,24-25,2025-01-04,2025-04-07,93
T002,Discovery,24-25,2024-12-06,2025-03-31,115
T129,Eagle's Nest,24-25,2025-01-07,2025-04-07,87
T004,Easy Street,24-25,2024-12-16,2025-04-07,112
T077,Elk Run,24-25,2024-12-13,2025-04-07,112
T005,Endeavor,24-25,2024-11-02,2025-04-07,156
T022,Flying Dutchman,24-25,2024-11-28,2025-04-08,127
T066,Foxtrot,24-25,2025-01-06,2025-04-07,91
T130,Foxtrot Glades,24-25,2025-01-06,2025-04-07,88
T006,Freda's,24-25,2024-11-29,2025-04-08,126
T023,Frenchman,24-25,2024-11-28,2025-04-08,128
T024,Gassy Thompson,24-25,2024-11-29,2025-04-08,126
T074,Geronimo,24-25,2024-12-01,2025-04-07,127
T075,Glades,24-25,2025-01-11,2025-04-07,86
T043,Go Devil Lower,24-25,2025-01-12,2025-03-31,78
T042,Go Devil Upper,24-25,2025-01-12,2025-03-31,78
T111,Gray's,24-25,2024-12-20,2025-04-07,105
T145,Gun Barrel,24-25,2025-01-15,2025-03-31,70
T025,Haywood,24-25,2024-11-28,2025-04-08,129
T026,Hoodoo,24-25,2024-11-29,2025-04-08,126
T052,I-70,24-25,2025-01-12,2025-04-07,85
T044,Ida Belle,24-25,2024-11-22,2025-04-08,137
T007,Ina's Way,24-25,2024-11-08,2025-04-07,150
T127,Independence Bowl,24-25,2025-01-01,2025-04-07,93
T045,Jack Face,24-25,2024-11-28,2025-04-08,131
T027,Jackwhacker,24-25,2024-12-09,2025-04-08,113
T028,Jacques St. James,24-25,2024-12-16,2025-04-07,108
T112,Jane's Journey,24-25,2024-12-20,2025-04-07,105
T008,Jaybird,24-25,2024-12-24,2025-04-08,105
T064,Last Alamo,24-25,2024-11-28,2025-04-07,125
T009,Last Chance,24-25,2024-11-29,2025-04-08,126
T046,Last Hoot,24-25,2025-01-20,2025-03-30,69
T083,Lodgepole,24-25,2024-12-13,2025-04-07,112
T055,Lost Mine,24-25,2025-01-12,2025-04-07,85
T062,Lower Prospector,24-25,2024-11-28,2025-04-07,130
T053,Main Street,24-25,2025-02-02,2025-04-07,64
T029,Midland,24-25,2025-01-08,2025-04-07,89
T107,Miners,24-25,2024-12-20,2025-04-07,105
T047,Mineshaft,24-25,2025-01-04,2025-03-31,86
T030,Missouri,24-25,2024-12-12,2025-04-07,112
T010,Modest Girl,24-25,2024-12-27,2025-04-03,97
T138,Mouse Trap,24-25,2025-01-09,2025-03-31,81
T031,Mozart,24-25,2024-12-03,2025-04-07,125
T056,Murphy's Mine,24-25,2025-01-12,2025-04-07,85
T139,Narrow Gauge,24-25,2025-01-09,2025-03-31,81
T136,North Bowl,24-25,2024-12-13,2025-04-07,112
T131,Nuchu,24-25,2025-01-07,2025-04-07,87
T081,Oh Bob,24-25,2024-12-13,2025-04-07,112
T032,Orfint Boy,24-25,2024-11-20,2025-04-08,139
T048,Packsaddle Bowl,24-25,2025-01-12,2025-03-31,78
T054,Park Lane,24-25,2025-02-02,2025-04-07,64
T033,Paymaster,24-25,2024-11-16,2025-04-08,143
T088,Pika Glades,24-25,2024-12-13,2025-04-07,112
T079,Porcupine,24-25,2024-12-14,2025-04-07,111
T076,Powder Cap,24-25,2024-11-28,2025-04-07,130
T061,Prospector,24-25,2024-11-28,2025-04-07,130
T113,Ptarmigan,24-25,2024-12-20,2025-04-07,105
T109,Quandary,24-25,2024-12-20,2025-04-07,105
T114,Red,24-25,2024-12-20,2025-04-07,105
T049,Richter,24-25,2025-01-12,2025-03-31,78
T058,Ripperoo's Forest,24-25,2024-12-01,2025-04-07,127
T057,Ripperoo's Glade,24-25,2024-12-01,2025-04-07,123
T034,River Run,24-25,2024-11-22,2025-04-07,136
T144,Roulette,24-25,2025-01-15,2025-03-31,70
T035,Sante Fe,24-25,2024-11-28,2025-04-08,131
T011,Schoolmarm,24-25,2024-11-02,2025-04-08,157
T012,Scout,24-25,2024-11-11,2025-04-07,143
T013,Silver Spoon,24-25,2024-11-06,2025-04-08,153
T132,Silverheels,24-25,2025-01-07,2025-04-07,87
T003,Silvermaster,24-25,2024-11-11,2025-04-08,148
T014,Ski-Daddle,24-25,2024-11-09,2025-04-07,149
T141,Snake Pit,24-25,2025-01-15,2025-03-31,70
T137,South Bowl,24-25,2025-01-01,2025-04-07,93
T065,Spillway,24-25,2024-12-13,2025-04-07,115
T036,Spring Dipper,24-25,2024-11-20,2025-04-08,139
T067,Starfire,24-25,2025-01-11,2025-04-07,86
T037,Swandyke,24-25,2024-12-12,2025-04-07,112
T108,Ten Mile,24-25,2024-12-20,2025-04-07,105
T128,Tenderfoot Glades,24-25,2025-01-07,2025-04-07,87
T051,The Alley,24-25,2024-12-23,2025-04-07,105
T050,The Edge,24-25,2024-11-22,2025-04-07,136
T089,The Grizz,24-25,2024-12-13,2025-04-07,112
T078,The Willows,24-25,2024-12-13,2025-04-07,112
T148,The Windows,24-25,2025-01-10,2025-03-31,80
T116,Thorne,24-25,2024-12-20,2025-04-07,105
T090,Timberwolf,24-25,2024-12-13,2025-04-07,112
T117,Torreys,24-25,2024-12-20,2025-04-07,105
T015,Two Sled Road,24-25,2024-12-21,2025-04-07,107
T119,Uneva,24-25,2024-12-20,2025-04-07,105
T041,Upper Frenchman,24-25,2024-11-28,2025-04-08,128
T115,Ute,24-25,2024-12-20,2025-04-07,105
T038,Whipsaw,24-25,2024-11-28,2025-04-08,117
T147,Wild Card,24-25,2025-01-15,2025-03-31,70
T039,Wild Irishman,24-25,2024-11-28,2025-04-08,129
T082,Wildcat,24-25,2024-12-13,2025-04-07,112
T091,Wildfire,24-25,2024-12-13,2025-04-07,112
T118,Witchita,24-25,2024-12-20,2025-04-07,105
T092,Wolverine,24-25,2024-12-13,2025-04-07,112
T001,Acapulco Road,23-24,2023-11-15,2024-04-09,139
T068,Ambush,23-24,2023-12-25,2024-04-08,105
T063,Anticipation,23-24,2023-12-15,2024-04-08,115
T016,Bachelor,23-24,2023-12-25,2024-04-09,106
T084,Badger,23-24,2023-12-22,2024-04-08,108
T133,Bald Mtn Glades,23-24,2024-01-24,2024-04-08,75
T017,Ballhooter,23-24,2024-01-16,2024-04-09,84
T018,Beger,23-24,2024-01-24,2024-04-09,76
T080,Bighorn,23-24,2023-12-25,2024-04-08,100
T085,Black Forest,23-24,2024-01-21,2024-04-08,78
T069,Black Hawk,23-24,2024-01-21,2024-04-08,78
T019,Bobtail,23-24,2024-01-16,2024-04-08,83
T110,Buffalo,23-24,2023-12-30,2024-04-08,100
T070,Bullet,23-24,2023-12-25,2024-04-08,105
T071,Bullet Glades,23-24,2023-12-31,2024-04-08,99
T086,Bushwhacker,23-24,2023-12-22,2024-04-08,108
T072,Cat Dancer,23-24,2024-01-10,2024-04-08,89
T073,Cat South Glades,23-24,2024-01-10,2024-04-08,89
T087,Coyote Caper,23-24,2023-12-22,2024-04-08,108
T020,Cross Cut,23-24,2024-01-07,2024-04-09,93
T021,Dercum's Dash,23-24,2023-11-05,2024-04-08,155
T040,Diamond Back,23-24,2024-01-12,2024-04-08,87
T002,Discovery,23-24,2023-12-08,2024-04-01,115
T129,Eagle's Nest,23-24,2024-01-21,2024-04-08,78
T004,Easy Street,23-24,2023-12-29,2024-04-08,101
T077,Elk Run,23-24,2023-12-22,2024-04-08,108
T005,Endeavor,23-24,2023-11-01,2024-04-08,159
T022,Flying Dutchman,23-24,2024-01-02,2024-04-09,98
T066,Foxtrot,23-24,2024-01-21,2024-04-08,78
T130,Foxtrot Glades,23-24,2024-01-21,2024-04-08,78
T006,Freda's,23-24,2024-01-08,2024-04-09,92
T023,Frenchman,23-24,2023-12-25,2024-04-09,98
T024,Gassy Thompson,23-24,2023-12-15,2024-04-09,107
T074,Geronimo,23-24,2024-01-10,2024-04-08,89
T075,Glades,23-24,2023-12-31,2024-04-08,99
T043,Go Devil Lower,23-24,2024-01-06,2024-04-04,89
T042,Go Devil Upper,23-24,2024-01-06,2024-04-04,89
T111,Gray's,23-24,2023-12-30,2024-04-08,100
T025,Haywood,23-24,2023-12-04,2024-04-09,127
T026,Hoodoo,23-24,2023-12-15,2024-04-09,116
T052,I-70,23-24,2024-01-06,2024-04-07,92
T044,Ida Belle,23-24,2023-12-08,2024-04-09,99
T007,Ina's Way,23-24,2023-11-15,2024-04-08,145
T127,Independence Bowl,23-24,2024-01-04,2024-04-08,95
T045,Jack Face,23-24,2023-12-28,2024-04-09,103
T027,Jackwhacker,23-24,2024-01-04,2024-04-09,96
T028,Jacques St. James,23-24,2023-12-06,2024-04-08,124
T112,Jane's Journey,23-24,2023-12-30,2024-04-08,100
T008,Jaybird,23-24,2023-11-14,2024-04-09,147
T064,Last Alamo,23-24,2023-12-14,2024-04-08,116
T009,Last Chance,23-24,2023-12-13,2024-04-09,118
T046,Last Hoot,23-24,2024-01-19,2024-04-04,76
T083,Lodgepole,23-24,2024-01-04,2024-04-08,95
T055,Lost Mine,23-24,2024-01-22,2024-04-08,77
T062,Lower Prospector,23-24,2023-12-08,2024-04-08,122
T053,Main Street,23-24,2024-01-28,2024-04-08,69
T029,Midland,23-24,2024-01-24,2024-04-08,75
T107,Miners,23-24,2023-12-30,2024-04-08,100
T047,Mineshaft,23-24,2024-01-16,2024-04-08,83
T030,Missouri,23-24,2023-12-06,2024-04-08,124
T010,Modest Girl,23-24,2024-01-21,2024-04-09,79
T031,Mozart,23-24,2023-12-04,2024-04-08,126
T056,Murphy's Mine,23-24,2023-12-29,2024-04-08,101
T136,North Bowl,23-24,2023-12-22,2024-04-08,108
T131,Nuchu,23-24,2024-01-21,2024-04-08,78
T081,Oh Bob,23-24,2023-12-22,2024-04-08,108
T032,Orfint Boy,23-24,2023-11-19,2024-04-09,142
T048,Packsaddle Bowl,23-24,2024-01-08,2024-04-04,87
T054,Park Lane,23-24,2024-01-28,2024-04-08,69
T033,Paymaster,23-24,2023-11-23,2024-04-09,138
T088,Pika Glades,23-24,2024-01-07,2024-04-08,92
T079,Porcupine,23-24,2023-12-25,2024-04-08,100
T076,Powder Cap,23-24,2023-12-25,2024-04-08,105
T061,Prospector,23-24,2023-12-08,2024-04-08,122
T113,Ptarmigan,23-24,2023-12-30,2024-04-08,100
T109,Quandary,23-24,2023-12-30,2024-04-08,100
T114,Red,23-24,2023-12-30,2024-04-08,100
T049,Richter,23-24,2024-01-06,2024-04-04,89
T058,Ripperoo's Forest,23-24,2024-01-22,2024-04-08,77
T057,Ripperoo's Glade,23-24,2024-01-09,2024-04-08,90
T034,River Run,23-24,2023-11-05,2024-04-08,155
T035,Sante Fe,23-24,2023-12-25,2024-04-09,106
T011,Schoolmarm,23-24,2023-11-01,2024-04-09,160
T012,Scout,23-24,2023-11-19,2024-04-08,141
T013,Silver Spoon,23-24,2023-11-06,2024-04-09,155
T132,Silverheels,23-24,2024-01-21,2024-04-08,78
T003,Silvermaster,23-24,2023-11-16,2024-04-09,145
T014,Ski-Daddle,23-24,2023-12-04,2024-04-08,126
T137,South Bowl,23-24,2023-12-30,2024-04-08,100
T065,Spillway,23-24,2023-12-31,2024-04-08,99
T036,Spring Dipper,23-24,2023-11-23,2024-04-09,138
T067,Starfire,23-24,2024-01-21,2024-04-08,78
T037,Swandyke,23-24,2023-12-25,2024-04-08,105
T108,Ten Mile,23-24,2023-12-30,2024-04-08,100
T128,Tenderfoot Glades,23-24,2024-01-21,2024-04-08,78
T051,The Alley,23-24,2023-12-23,2024-04-08,107
T050,The Edge,23-24,2023-12-01,2024-04-08,129
T089,The Grizz,23-24,2023-12-22,2024-04-08,108
T078,The Willows,23-24,2024-01-04,2024-04-08,95
T148,The Windows,23-24,2024-01-24,2024-03-26,62
T116,Thorne,23-24,2023-12-30,2024-04-08,100
T090,Timberwolf,23-24,2023-12-22,2024-04-08,108
T117,Torreys,23-24,2023-12-30,2024-04-08,100
T015,Two Sled Road,23-24,2024-01-05,2024-04-08,94
T119,Uneva,23-24,2023-12-30,2024-04-08,83
T115,Ute,23-24,2023-12-30,2024-04-08,100
T038,Whipsaw,23-24,2024-01-22,2024-04-09,78
T039,Wild Irishman,23-24,2023-12-25,2024-04-09,101
T082,Wildcat,23-24,2024-01-07,2024-04-08,92
T091,Wildfire,23-24,2024-01-07,2024-04-08,92
T118,Witchita,23-24,2023-12-30,2024-04-08,100
T092,Wolverine,23-24,2024-01-07,2024-04-08,92
T001,Acapulco Road,22-23,2022-11-23,2023-04-18,146
T068,Ambush,22-23,2022-12-10,2023-04-17,128
T063,Anticipation,22-23,2022-12-17,2023-04-17,115
T016,Bachelor,22-23,2022-12-10,2023-04-18,129
T084,Badger,22-23,2022-12-17,2023-04-17,121
T017,Ballhooter,22-23,2023-01-02,2023-04-18,106
T018,Beger,22-23,2022-12-22,2023-04-18,117
T134,Bergman Bowl,22-23,2022-12-16,2023-04-16,121
T080,Bighorn,22-23,2023-01-01,2023-04-17,106
T085,Black Forest,22-23,2022-12-17,2023-04-17,121
T069,Black Hawk,22-23,2023-01-01,2023-04-17,106
T019,Bobtail,22-23,2022-12-10,2023-04-10,121
T070,Bullet,22-23,2022-12-10,2023-04-17,128
T071,Bullet Glades,22-23,2022-12-10,2023-04-17,128
T086,Bushwhacker,22-23,2022-12-17,2023-04-17,121
T072,Cat Dancer,22-23,2022-12-28,2023-04-17,110
T073,Cat South Glades,22-23,2022-12-28,2023-04-17,110
T087,Coyote Caper,22-23,2022-12-17,2023-04-17,121
T020,Cross Cut,22-23,2023-01-01,2023-04-18,107
T021,Dercum's Dash,22-23,2022-11-02,2023-04-17,166
T040,Diamond Back,22-23,2023-01-09,2023-04-17,98
T002,Discovery,22-23,2022-12-03,2023-04-03,121
T004,Easy Street,22-23,2022-12-25,2023-04-17,113
T077,Elk Run,22-23,2023-01-07,2023-04-17,100
T005,Endeavor,22-23,2022-10-28,2023-04-17,171
T135,Erickson Bowl,22-23,2023-01-16,2023-04-14,88
T022,Flying Dutchman,22-23,2022-12-23,2023-04-18,116
T006,Freda's,22-23,2022-12-07,2023-04-18,132
T023,Frenchman,22-23,2022-12-16,2023-04-18,123
T024,Gassy Thompson,22-23,2022-12-05,2023-04-18,134
T074,Geronimo,22-23,2022-12-28,2023-04-17,110
T075,Glades,22-23,2022-12-10,2023-04-17,128
T043,Go Devil Lower,22-23,2022-12-29,2023-04-10,102
T042,Go Devil Upper,22-23,2022-12-29,2023-04-10,102
T025,Haywood,22-23,2022-12-10,2023-04-18,129
T026,Hoodoo,22-23,2022-12-07,2023-04-18,132
T052,I-70,22-23,2022-12-25,2023-04-17,111
T044,Ida Belle,22-23,2022-12-16,2023-04-18,123
T007,Ina's Way,22-23,2022-11-16,2023-04-17,152
T127,Independence Bowl,22-23,2022-12-28,2023-04-16,109
T045,Jack Face,22-23,2022-12-10,2023-04-18,129
T027,Jackwhacker,22-23,2023-01-01,2023-04-18,107
T028,Jacques St. James,22-23,2022-12-17,2023-04-17,121
T008,Jaybird,22-23,2022-11-12,2023-04-18,157
T064,Last Alamo,22-23,2022-12-11,2023-04-17,127
T009,Last Chance,22-23,2022-11-23,2023-04-18,146
T046,Last Hoot,22-23,2023-01-02,2023-04-10,98
T083,Lodgepole,22-23,2023-01-02,2023-04-17,105
T055,Lost Mine,22-23,2022-12-24,2023-04-18,115
T053,Main Street,22-23,2023-01-18,2023-04-17,41
T029,Midland,22-23,2022-12-22,2023-04-17,116
T047,Mineshaft,22-23,2023-01-01,2023-04-17,106
T030,Missouri,22-23,2022-12-17,2023-04-17,121
T010,Modest Girl,22-23,2023-01-06,2023-04-18,99
T031,Mozart,22-23,2022-12-08,2023-04-17,130
T056,Murphy's Mine,22-23,2023-01-07,2023-04-17,100
T136,North Bowl,22-23,2022-12-17,2023-04-17,121
T081,Oh Bob,22-23,2022-12-17,2023-04-17,108
T032,Orfint Boy,22-23,2022-11-07,2023-04-18,162
T048,Packsaddle Bowl,22-23,2022-12-29,2023-04-10,102
T054,Park Lane,22-23,2023-01-17,2023-04-17,90
T033,Paymaster,22-23,2022-11-19,2023-04-18,150
T088,Pika Glades,22-23,2023-01-01,2023-04-17,106
T079,Porcupine,22-23,2023-01-01,2023-04-17,106
T076,Powder Cap,22-23,2022-12-10,2023-04-17,128
T061,Prospector,22-23,2022-12-02,2023-04-17,136
T049,Richter,22-23,2022-12-29,2023-04-10,102
T058,Ripperoo's Forest,22-23,2022-12-24,2023-04-17,114
T057,Ripperoo's Glade,22-23,2022-12-24,2023-04-17,114
T034,River Run,22-23,2022-11-02,2023-04-17,166
T035,Sante Fe,22-23,2022-12-07,2023-04-18,132
T011,Schoolmarm,22-23,2022-10-28,2023-04-18,172
T012,Scout,22-23,2022-11-18,2023-04-17,150
T013,Silver Spoon,22-23,2022-11-03,2023-04-18,166
T003,Silvermaster,22-23,2022-11-13,2023-04-18,156
T014,Ski-Daddle,22-23,2022-11-22,2023-04-17,146
T137,South Bowl,22-23,2022-12-29,2023-04-17,109
T065,Spillway,22-23,2022-12-21,2023-04-17,117
T036,Spring Dipper,22-23,2022-11-17,2023-04-18,152
T067,Starfire,22-23,2023-01-20,2023-04-17,87
T037,Swandyke,22-23,2022-12-17,2023-04-17,121
T051,The Alley,22-23,2022-12-16,2023-04-17,122
T050,The Edge,22-23,2022-11-22,2023-04-17,146
T089,The Grizz,22-23,2022-12-17,2023-04-17,121
T078,The Willows,22-23,2023-01-02,2023-04-17,105
T148,The Windows,22-23,2023-01-02,2023-04-03,91
T090,Timberwolf,22-23,2022-12-17,2023-04-17,121
T015,Two Sled Road,22-23,2022-12-16,2023-04-17,122
T038,Whipsaw,22-23,2022-12-17,2023-04-18,110
T039,Wild Irishman,22-23,2022-12-16,2023-04-18,123
T082,Wildcat,22-23,2022-12-17,2023-04-17,108
T091,Wildfire,22-23,2023-01-01,2023-04-17,106
T092,Wolverine,22-23,2023-01-01,2023-04-17,106
T001,Acapulco Road,21-22,2021-11-24,2022-04-19,146
T068,Ambush,21-22,2022-01-01,2022-04-18,99
T063,Anticipation,21-22,2021-12-18,2022-04-18,121
T016,Bachelor,21-22,2022-01-05,2022-04-19,104
T084,Badger,21-22,2021-12-30,2022-04-18,109
T017,Ballhooter,21-22,2022-01-10,2022-04-06,86
T018,Beger,21-22,2022-02-04,2022-04-18,73
T134,Bergman Bowl,21-22,2022-01-03,2022-04-18,105
T080,Bighorn,21-22,2022-01-07,2022-04-18,92
T085,Black Forest,21-22,2021-12-30,2022-04-18,109
T069,Black Hawk,21-22,2022-01-12,2022-04-18,96
T019,Bobtail,21-22,2022-01-22,2022-03-28,65
T070,Bullet,21-22,2022-01-01,2022-04-18,99
T071,Bullet Glades,21-22,2022-01-01,2022-04-18,99
T086,Bushwhacker,21-22,2021-12-30,2022-04-18,109
T072,Cat Dancer,21-22,2022-01-08,2022-04-18,100
T073,Cat South Glades,21-22,2022-01-08,2022-04-18,100
T087,Coyote Caper,21-22,2021-12-30,2022-04-18,109
T020,Cross Cut,21-22,2022-01-08,2022-04-19,101
T021,Dercum's Dash,21-22,2021-11-06,2022-04-18,163
T040,Diamond Back,21-22,2022-02-06,2022-04-18,71
T002,Discovery,21-22,2021-12-19,2022-04-04,106
T004,Easy Street,21-22,2022-01-25,2022-04-18,83
T077,Elk Run,21-22,2021-12-30,2022-04-18,109
T005,Endeavor,21-22,2021-10-23,2022-04-18,177
T135,Erickson Bowl,21-22,2022-01-21,2022-04-18,87
T022,Flying Dutchman,21-22,2022-01-05,2022-04-19,104
T006,Freda's,21-22,2021-12-31,2022-04-02,92
T023,Frenchman,21-22,2022-01-12,2022-04-19,97
T024,Gassy Thompson,21-22,2021-12-31,2022-04-19,105
T074,Geronimo,21-22,2022-01-08,2022-04-18,100
T075,Glades,21-22,2022-01-01,2022-04-18,99
T043,Go Devil Lower,21-22,2022-02-04,2022-04-11,66
T042,Go Devil Upper,21-22,2022-02-04,2022-04-11,66
T154,H&H Mine,21-22,2022-02-03,2022-03-23,14
T025,Haywood,21-22,2021-12-20,2022-04-19,120
T026,Hoodoo,21-22,2021-10-24,2022-04-19,120
T052,I-70,21-22,2022-01-21,2022-04-18,31
T044,Ida Belle,21-22,2022-01-03,2022-04-19,106
T007,Ina's Way,21-22,2021-11-27,2022-04-18,142
T127,Independence Bowl,21-22,2022-01-12,2022-04-18,96
T045,Jack Face,21-22,2022-01-05,2022-04-19,104
T027,Jackwhacker,21-22,2022-01-08,2022-04-19,101
T028,Jacques St. James,21-22,2022-01-28,2022-04-18,80
T008,Jaybird,21-22,2021-11-24,2022-04-19,146
T064,Last Alamo,21-22,2022-01-02,2022-04-18,100
T009,Last Chance,21-22,2021-12-30,2022-04-19,110
T046,Last Hoot,21-22,2022-02-06,2022-03-28,50
T083,Lodgepole,21-22,2022-01-07,2022-04-18,101
T055,Lost Mine,21-22,2022-01-15,2022-04-18,93
T053,Main Street,21-22,2022-02-14,2022-04-17,52
T029,Midland,21-22,2022-02-04,2022-04-18,73
T047,Mineshaft,21-22,2022-01-09,2022-03-28,71
T030,Missouri,21-22,2022-01-09,2022-04-18,93
T010,Modest Girl,21-22,2022-01-31,2022-04-19,78
T031,Mozart,21-22,2021-12-24,2022-04-18,115
T056,Murphy's Mine,21-22,2022-02-06,2022-04-18,71
T136,North Bowl,21-22,2022-01-09,2022-04-18,99
T081,Oh Bob,21-22,2022-01-02,2022-04-18,106
T032,Orfint Boy,21-22,2021-12-20,2022-04-19,119
T048,Packsaddle Bowl,21-22,2022-02-04,2022-04-11,66
T054,Park Lane,21-22,2022-01-15,2022-04-18,93
T033,Paymaster,21-22,2021-11-27,2022-04-19,143
T088,Pika Glades,21-22,2022-01-07,2022-04-18,101
T079,Porcupine,21-22,2022-01-07,2022-04-18,92
T076,Powder Cap,21-22,2022-01-01,2022-04-18,99
T061,Prospector,21-22,2021-12-09,2022-04-18,130
T049,Richter,21-22,2022-02-04,2022-04-11,66
T058,Ripperoo's Forest,21-22,2022-01-15,2022-04-18,93
T057,Ripperoo's Glade,21-22,2022-01-04,2022-04-02,88
T034,River Run,21-22,2021-11-07,2022-04-18,162
T035,Sante Fe,21-22,2021-12-31,2022-04-19,109
T011,Schoolmarm,21-22,2021-10-22,2022-04-19,179
T012,Scout,21-22,2021-11-13,2022-04-18,156
T013,Silver Spoon,21-22,2021-11-06,2022-04-19,164
T003,Silvermaster,21-22,2021-11-20,2022-04-19,150
T014,Ski-Daddle,21-22,2021-11-30,2022-04-18,139
T137,South Bowl,21-22,2022-01-12,2022-04-18,96
T065,Spillway,21-22,2022-01-19,2022-04-18,89
T036,Spring Dipper,21-22,2021-11-24,2022-04-19,146
T067,Starfire,21-22,2022-01-26,2022-04-18,82
T037,Swandyke,21-22,2022-01-09,2022-04-18,93
T051,The Alley,21-22,2022-01-15,2022-04-18,93
T050,The Edge,21-22,2021-12-04,2022-04-18,135
T089,The Grizz,21-22,2021-12-30,2022-04-18,109
T078,The Willows,21-22,2022-01-20,2022-04-18,88
T148,The Windows,21-22,2022-01-22,2022-03-28,61
T090,Timberwolf,21-22,2021-12-30,2022-04-18,109
T015,Two Sled Road,21-22,2022-01-15,2022-04-18,93
T041,Upper Frenchman,21-22,2022-01-10,2022-04-19,99
T038,Whipsaw,21-22,2022-01-07,2022-03-29,81
T039,Wild Irishman,21-22,2022-01-07,2022-04-19,90
T082,Wildcat,21-22,2022-01-02,2022-04-18,106
T091,Wildfire,21-22,2022-01-07,2022-04-18,101
T092,Wolverine,21-22,2022-01-07,2022-04-18,101
T068,Ambush,20-21,2020-12-30,2021-04-12,103
T063,Anticipation,20-21,2020-12-11,2021-04-12,122
T016,Bachelor,20-21,2020-12-19,2021-04-13,115
T084,Badger,20-21,2020-12-19,2021-04-12,114
T017,Ballhooter,20-21,2021-01-17,2021-04-13,86
T018,Beger,20-21,2021-01-15,2021-04-13,88
T134,Bergman Bowl,20-21,2020-12-16,2021-04-09,114
T080,Bighorn,20-21,2020-12-23,2021-04-12,110
T085,Black Forest,20-21,2020-12-19,2021-04-12,114
T069,Black Hawk,20-21,2021-01-20,2021-04-12,82
T019,Bobtail,20-21,2021-01-23,2021-04-04,71
T070,Bullet,20-21,2020-12-30,2021-04-12,103
T071,Bullet Glades,20-21,2020-12-30,2021-04-12,103
T086,Bushwhacker,20-21,2020-12-19,2021-04-12,114
T072,Cat Dancer,20-21,2020-12-30,2021-04-12,103
T073,Cat South Glades,20-21,2020-12-30,2021-04-12,103
T087,Coyote Caper,20-21,2020-12-19,2021-04-12,114
T020,Cross Cut,20-21,2020-12-19,2021-04-13,115
T021,Dercum's Dash,20-21,2020-11-06,2021-04-13,158
T040,Diamond Back,20-21,2021-01-15,2021-04-12,87
T002,Discovery,20-21,2020-11-27,2021-03-29,122
T004,Easy Street,20-21,2021-01-13,2021-04-13,90
T077,Elk Run,20-21,2020-12-16,2021-04-12,117
T005,Endeavor,20-21,2020-11-06,2021-04-13,158
T135,Erickson Bowl,20-21,2021-01-20,2021-04-09,79
T022,Flying Dutchman,20-21,2020-12-14,2021-04-13,120
T006,Freda's,20-21,2020-12-14,2021-04-13,120
T023,Frenchman,20-21,2020-12-25,2021-04-13,109
T024,Gassy Thompson,20-21,2020-12-19,2021-04-13,115
T074,Geronimo,20-21,2020-12-30,2021-04-12,103
T075,Glades,20-21,2020-12-30,2021-04-12,103
T043,Go Devil Lower,20-21,2021-01-08,2021-04-12,94
T042,Go Devil Upper,20-21,2021-01-08,2021-04-12,94
T154,H&H Mine,20-21,2021-01-23,2021-04-13,80
T025,Haywood,20-21,2020-12-02,2021-04-13,132
T026,Hoodoo,20-21,2020-12-14,2021-04-13,120
T052,I-70,20-21,2021-01-08,2021-04-12,90
T044,Ida Belle,20-21,2020-12-19,2021-04-13,115
T007,Ina's Way,20-21,2020-11-16,2021-04-13,148
T127,Independence Bowl,20-21,2020-12-28,2021-04-09,102
T045,Jack Face,20-21,2020-12-19,2021-04-13,115
T027,Jackwhacker,20-21,2020-12-19,2021-04-13,115
T028,Jacques St. James,20-21,2020-12-26,2021-04-06,101
T008,Jaybird,20-21,2020-11-20,2021-04-13,144
T064,Last Alamo,20-21,2020-12-25,2021-04-12,108
T009,Last Chance,20-21,2020-12-01,2021-04-13,133
T046,Last Hoot,20-21,2021-02-14,2021-04-11,56
T083,Lodgepole,20-21,2020-12-25,2021-04-12,108
T055,Lost Mine,20-21,2020-12-25,2021-04-13,109
T053,Main Street,20-21,2021-01-08,2021-04-12,94
T029,Midland,20-21,2021-01-14,2021-04-13,89
T047,Mineshaft,20-21,2021-02-08,2021-04-04,55
T030,Missouri,20-21,2020-12-26,2021-04-06,101
T010,Modest Girl,20-21,2021-01-20,2021-04-07,77
T031,Mozart,20-21,2020-12-04,2021-04-13,130
T056,Murphy's Mine,20-21,2020-12-23,2021-04-13,111
T136,North Bowl,20-21,2020-12-19,2021-04-12,114
T081,Oh Bob,20-21,2020-12-19,2021-04-10,112
T032,Orfint Boy,20-21,2020-11-26,2021-04-13,138
T048,Packsaddle Bowl,20-21,2021-01-08,2021-04-12,94
T054,Park Lane,20-21,2020-12-12,2021-04-12,121
T033,Paymaster,20-21,2020-11-26,2021-04-13,138
T088,Pika Glades,20-21,2020-12-25,2021-04-12,108
T079,Porcupine,20-21,2020-12-22,2021-04-12,111
T076,Powder Cap,20-21,2020-12-30,2021-04-12,103
T061,Prospector,20-21,2020-11-29,2021-04-12,134
T049,Richter,20-21,2021-01-08,2021-04-12,94
T058,Ripperoo's Forest,20-21,2021-01-02,2021-04-13,101
T057,Ripperoo's Glade,20-21,2021-01-02,2021-04-13,101
T034,River Run,20-21,2020-11-06,2021-04-13,158
T035,Sante Fe,20-21,2020-12-15,2021-04-06,112
T011,Schoolmarm,20-21,2020-11-06,2021-04-13,158
T012,Scout,20-21,2020-11-13,2021-04-13,151
T013,Silver Spoon,20-21,2020-11-13,2021-04-13,151
T003,Silvermaster,20-21,2020-11-20,2021-04-13,144
T014,Ski-Daddle,20-21,2020-11-17,2021-04-13,147
T137,South Bowl,20-21,2021-01-02,2021-04-12,100
T065,Spillway,20-21,2021-01-01,2021-04-12,101
T036,Spring Dipper,20-21,2020-11-19,2021-04-13,145
T067,Starfire,20-21,2020-12-30,2021-04-12,103
T037,Swandyke,20-21,2020-12-26,2021-04-06,101
T051,The Alley,20-21,2020-12-12,2021-04-13,122
T050,The Edge,20-21,2020-11-19,2021-04-13,145
T089,The Grizz,20-21,2020-12-19,2021-04-12,114
T078,The Willows,20-21,2020-12-25,2021-04-12,108
T148,The Windows,20-21,2020-12-26,2021-04-05,50
T090,Timberwolf,20-21,2020-12-19,2021-04-12,114
T015,Two Sled Road,20-21,2020-12-18,2021-04-13,116
T041,Upper Frenchman,20-21,2020-12-25,2021-04-13,109
T038,Whipsaw,20-21,2020-12-15,2021-04-13,107
T039,Wild Irishman,20-21,2021-01-08,2021-04-13,95
T082,Wildcat,20-21,2021-01-02,2021-04-10,98
T091,Wildfire,20-21,2020-12-25,2021-04-12,108
T092,Wolverine,20-21,2020-12-25,2021-04-12,108
T068,Ambush,19-20,2019-12-06,2020-03-15,97
T063,Anticipation,19-20,2019-11-09,2020-03-15,120
T016,Bachelor,19-20,2019-12-11,2020-03-15,95
T084,Badger,19-20,2019-12-07,2020-03-15,99
T017,Ballhooter,19-20,2020-01-04,2020-03-15,71
T018,Beger,19-20,2019-12-30,2020-03-15,76
T134,Bergman Bowl,19-20,2019-11-25,2020-03-15,98
T080,Bighorn,19-20,2019-11-27,2020-03-15,109
T085,Black Forest,19-20,2019-12-07,2020-03-15,99
T069,Black Hawk,19-20,2019-12-15,2020-03-15,88
T019,Bobtail,19-20,2020-01-20,2020-03-15,55
T070,Bullet,19-20,2019-12-06,2020-03-15,97
T071,Bullet Glades,19-20,2019-12-14,2020-03-15,92
T086,Bushwhacker,19-20,2019-12-07,2020-03-15,92
T072,Cat Dancer,19-20,2019-12-14,2020-03-15,92
T073,Cat South Glades,19-20,2019-12-14,2020-03-15,92
T087,Coyote Caper,19-20,2019-12-07,2020-03-15,99
T020,Cross Cut,19-20,2019-12-25,2020-03-15,81
T021,Dercum's Dash,19-20,2019-11-09,2020-03-15,127
T040,Diamond Back,19-20,2019-12-25,2020-03-15,81
T002,Discovery,19-20,2019-11-30,2020-03-15,105
T004,Easy Street,19-20,2019-12-21,2020-03-15,85
T077,Elk Run,19-20,2019-11-23,2020-03-15,113
T005,Endeavor,19-20,2019-10-19,2020-03-15,148
T153,Epic Mix Racing,19-20,2019-12-15,2020-03-15,35
T135,Erickson Bowl,19-20,2019-12-17,2020-03-15,89
T022,Flying Dutchman,19-20,2019-12-06,2020-03-15,100
T006,Freda's,19-20,2019-12-13,2020-03-15,93
T023,Frenchman,19-20,2019-12-14,2020-03-15,92
T024,Gassy Thompson,19-20,2019-12-14,2020-03-15,92
T074,Geronimo,19-20,2019-12-14,2020-03-15,92
T075,Glades,19-20,2019-12-14,2020-03-15,92
T043,Go Devil Lower,19-20,2019-12-21,2020-03-15,85
T042,Go Devil Upper,19-20,2019-12-21,2020-03-15,85
T025,Haywood,19-20,2019-12-07,2020-03-15,99
T026,Hoodoo,19-20,2019-12-13,2020-03-15,93
T052,I-70,19-20,2019-12-07,2020-02-07,61
T044,Ida Belle,19-20,2019-12-14,2020-03-15,92
T007,Ina's Way,19-20,2019-11-23,2020-03-15,113
T127,Independence Bowl,19-20,2019-12-21,2020-03-15,85
T045,Jack Face,19-20,2019-12-10,2020-03-15,96
T027,Jackwhacker,19-20,2019-12-25,2020-03-15,81
T028,Jacques St. James,19-20,2019-12-28,2020-03-15,78
T008,Jaybird,19-20,2019-12-21,2020-03-15,85
T064,Last Alamo,19-20,2019-12-05,2020-03-15,99
T009,Last Chance,19-20,2019-11-17,2020-03-15,119
T046,Last Hoot,19-20,2020-01-20,2020-03-15,55
T083,Lodgepole,19-20,2019-12-14,2020-03-15,92
T055,Lost Mine,19-20,2019-12-25,2020-03-15,81
T053,Main Street,19-20,2020-01-11,2020-03-15,64
T029,Midland,19-20,2019-12-31,2020-03-15,75
T047,Mineshaft,19-20,2020-01-04,2020-03-15,66
T030,Missouri,19-20,2019-12-28,2020-03-15,78
T010,Modest Girl,19-20,2019-12-21,2020-03-15,85
T031,Mozart,19-20,2019-12-13,2020-03-15,93
T056,Murphy's Mine,19-20,2019-12-20,2020-03-15,86
T136,North Bowl,19-20,2019-12-14,2020-03-15,92
T081,Oh Bob,19-20,2019-12-14,2020-03-15,92
T032,Orfint Boy,19-20,2019-12-13,2020-03-15,93
T048,Packsaddle Bowl,19-20,2019-12-21,2020-03-15,85
T054,Park Lane,19-20,2020-01-11,2020-03-15,64
T033,Paymaster,19-20,2019-11-26,2020-03-15,110
T088,Pika Glades,19-20,2019-12-14,2020-03-15,92
T079,Porcupine,19-20,2019-11-27,2020-03-15,109
T076,Powder Cap,19-20,2019-12-06,2020-03-15,97
T061,Prospector,19-20,2019-11-01,2020-03-15,135
T049,Richter,19-20,2019-12-21,2020-03-15,85
T058,Ripperoo's Forest,19-20,2019-12-24,2020-03-15,82
T057,Ripperoo's Glade,19-20,2019-12-16,2020-03-15,90
T034,River Run,19-20,2019-11-01,2020-03-15,135
T035,Sante Fe,19-20,2019-12-11,2020-03-15,95
T011,Schoolmarm,19-20,2019-10-12,2020-03-15,155
T012,Scout,19-20,2019-11-09,2020-03-15,127
T013,Silver Spoon,19-20,2019-10-23,2020-03-15,144
T003,Silvermaster,19-20,2019-11-01,2020-03-15,135
T014,Ski-Daddle,19-20,2019-11-02,2020-03-15,129
T137,South Bowl,19-20,2019-12-14,2020-03-15,92
T065,Spillway,19-20,2019-12-19,2020-03-15,87
T036,Spring Dipper,19-20,2019-11-01,2020-03-15,135
T067,Starfire,19-20,2019-12-14,2020-03-15,92
T037,Swandyke,19-20,2019-12-28,2020-03-15,78
T051,The Alley,19-20,2019-12-06,2020-03-15,100
T050,The Edge,19-20,2019-11-01,2020-03-15,135
T089,The Grizz,19-20,2019-12-07,2020-03-15,99
T078,The Willows,19-20,2019-12-14,2020-03-15,92
T148,The Windows,19-20,2020-01-05,2020-03-15,70
T090,Timberwolf,19-20,2019-12-07,2020-03-15,99
T015,Two Sled Road,19-20,2019-12-06,2020-03-15,100
T041,Upper Frenchman,19-20,2019-12-14,2020-03-15,92
T038,Whipsaw,19-20,2019-12-10,2020-03-15,93
T039,Wild Irishman,19-20,2019-12-26,2020-03-15,80
T082,Wildcat,19-20,2019-12-14,2020-03-15,92
T091,Wildfire,19-20,2019-12-14,2020-03-15,92
T092,Wolverine,19-20,2019-12-14,2020-03-15,92
T068,Ambush,18-19,2018-11-17,2019-04-08,142
T063,Anticipation,18-19,2018-11-16,2019-04-08,141
T016,Bachelor,18-19,2018-11-25,2019-04-09,128
T084,Badger,18-19,2018-11-17,2019-04-08,136
T017,Ballhooter,18-19,2018-12-29,2019-04-09,101
T018,Beger,18-19,2018-12-22,2019-04-09,99
T134,Bergman Bowl,18-19,2018-11-11,2019-04-08,148
T080,Bighorn,18-19,2018-11-26,2019-04-08,125
T085,Black Forest,18-19,2018-11-17,2019-04-08,136
T069,Black Hawk,18-19,2018-12-14,2019-04-08,69
T019,Bobtail,18-19,2018-12-31,2019-04-09,80
T070,Bullet,18-19,2018-11-21,2019-04-08,138
T071,Bullet Glades,18-19,2018-11-24,2019-04-08,135
T086,Bushwhacker,18-19,2018-11-17,2019-04-08,118
T072,Cat Dancer,18-19,2018-11-30,2019-04-08,129
T073,Cat South Glades,18-19,2018-12-04,2019-04-08,87
T087,Coyote Caper,18-19,2018-11-17,2019-04-08,136
T020,Cross Cut,18-19,2018-12-29,2019-04-09,101
T021,Dercum's Dash,18-19,2018-11-14,2019-04-09,134
T040,Diamond Back,18-19,2018-12-26,2019-04-08,103
T002,Discovery,18-19,2018-12-07,2019-04-01,114
T004,Easy Street,18-19,2018-12-27,2019-04-08,102
T077,Elk Run,18-19,2018-11-23,2019-04-08,132
T005,Endeavor,18-19,2018-11-07,2019-04-08,152
T135,Erickson Bowl,18-19,2018-12-03,2019-04-08,126
T022,Flying Dutchman,18-19,2018-11-24,2019-04-09,119
T006,Freda's,18-19,2018-12-17,2019-04-09,113
T023,Frenchman,18-19,2018-11-26,2019-04-09,128
T024,Gassy Thompson,18-19,2018-12-15,2019-04-09,115
T074,Geronimo,18-19,2018-11-30,2019-04-08,129
T075,Glades,18-19,2018-11-24,2019-04-08,135
T043,Go Devil Lower,18-19,2018-12-24,2019-04-04,101
T042,Go Devil Upper,18-19,2018-12-24,2019-04-04,101
T154,H&H Mine,18-19,2019-01-11,2019-04-09,88
T025,Haywood,18-19,2018-12-08,2019-04-09,122
T026,Hoodoo,18-19,2018-12-17,2019-04-09,113
T052,I-70,18-19,2018-12-07,2019-04-08,122
T044,Ida Belle,18-19,2018-11-26,2019-04-09,134
T007,Ina's Way,18-19,2018-11-30,2019-04-09,130
T127,Independence Bowl,18-19,2018-12-05,2019-04-08,124
T045,Jack Face,18-19,2018-11-25,2019-04-09,135
T027,Jackwhacker,18-19,2018-12-29,2019-04-09,101
T028,Jacques St. James,18-19,2018-12-17,2019-04-09,113
T008,Jaybird,18-19,2018-12-15,2019-04-09,115
T064,Last Alamo,18-19,2018-11-12,2019-04-08,141
T009,Last Chance,18-19,2018-12-11,2019-04-09,119
T046,Last Hoot,18-19,2019-01-26,2019-04-04,68
T083,Lodgepole,18-19,2018-11-24,2019-04-08,134
T055,Lost Mine,18-19,2018-12-28,2019-04-08,101
T053,Main Street,18-19,2019-02-12,2019-04-08,55
T029,Midland,18-19,2018-12-22,2019-04-09,108
T047,Mineshaft,18-19,2018-12-31,2019-04-08,48
T030,Missouri,18-19,2018-12-17,2019-04-09,113
T010,Modest Girl,18-19,2018-12-15,2019-04-09,115
T031,Mozart,18-19,2018-12-12,2019-04-08,117
T056,Murphy's Mine,18-19,2018-11-27,2019-04-08,132
T136,North Bowl,18-19,2018-11-17,2019-04-08,136
T081,Oh Bob,18-19,2018-11-24,2019-04-08,131
T032,Orfint Boy,18-19,2018-12-31,2019-04-09,99
T048,Packsaddle Bowl,18-19,2018-12-24,2019-04-04,101
T054,Park Lane,18-19,2018-12-16,2019-04-08,113
T033,Paymaster,18-19,2018-11-17,2019-04-09,143
T088,Pika Glades,18-19,2018-11-26,2019-04-08,132
T079,Porcupine,18-19,2018-11-26,2019-04-08,126
T076,Powder Cap,18-19,2018-11-17,2019-04-08,139
T061,Prospector,18-19,2018-11-09,2019-04-08,150
T049,Richter,18-19,2018-12-24,2019-04-04,101
T058,Ripperoo's Forest,18-19,2018-12-11,2019-04-08,105
T057,Ripperoo's Glade,18-19,2018-12-17,2019-04-08,112
T034,River Run,18-19,2018-11-17,2019-04-09,138
T035,Sante Fe,18-19,2018-12-02,2019-04-09,128
T011,Schoolmarm,18-19,2018-11-07,2019-04-09,153
T012,Scout,18-19,2018-11-17,2019-04-08,141
T013,Silver Spoon,18-19,2018-11-09,2019-04-09,151
T003,Silvermaster,18-19,2018-11-17,2019-04-09,143
T014,Ski-Daddle,18-19,2018-11-20,2019-04-08,129
T137,South Bowl,18-19,2018-11-27,2019-04-08,131
T065,Spillway,18-19,2018-11-26,2019-04-08,125
T036,Spring Dipper,18-19,2018-11-23,2019-04-09,137
T067,Starfire,18-19,2018-12-14,2019-04-08,115
T037,Swandyke,18-19,2018-12-17,2019-04-09,113
T051,The Alley,18-19,2018-12-07,2019-04-09,123
T050,The Edge,18-19,2018-11-25,2019-04-09,124
T089,The Grizz,18-19,2018-11-17,2019-04-08,123
T078,The Willows,18-19,2018-12-03,2019-04-08,121
T148,The Windows,18-19,2019-01-13,2019-04-08,85
T090,Timberwolf,18-19,2018-11-17,2019-04-08,136
T015,Two Sled Road,18-19,2018-12-07,2019-04-09,121
T041,Upper Frenchman,18-19,2018-11-26,2019-04-09,128
T038,Whipsaw,18-19,2018-12-07,2019-04-09,102
T039,Wild Irishman,18-19,2018-11-25,2019-04-09,125
T082,Wildcat,18-19,2018-11-25,2019-04-08,133
T091,Wildfire,18-19,2018-11-24,2019-04-08,134
T092,Wolverine,18-19,2018-11-24,2019-04-08,134
T068,Ambush,17-18,2017-12-26,2018-04-09,104
T063,Anticipation,17-18,2017-12-14,2018-04-09,112
T016,Bachelor,17-18,2017-12-24,2018-04-10,107
T084,Badger,17-18,2017-12-26,2018-04-09,104
T017,Ballhooter,17-18,2018-01-12,2018-04-10,88
T018,Beger,17-18,2017-12-26,2018-04-10,105
T134,Bergman Bowl,17-18,2017-12-08,2018-04-08,111
T080,Bighorn,17-18,2017-12-26,2018-04-09,104
T085,Black Forest,17-18,2017-12-24,2018-04-09,106
T069,Black Hawk,17-18,2018-01-24,2018-04-09,75
T019,Bobtail,17-18,2017-12-30,2018-04-10,77
T070,Bullet,17-18,2017-12-26,2018-04-09,104
T071,Bullet Glades,17-18,2018-01-22,2018-04-09,77
T086,Bushwhacker,17-18,2017-12-24,2018-04-09,106
T072,Cat Dancer,17-18,2018-01-22,2018-04-09,77
T073,Cat South Glades,17-18,2018-02-06,2018-04-09,61
T087,Coyote Caper,17-18,2017-12-24,2018-04-09,106
T020,Cross Cut,17-18,2018-01-05,2018-04-10,95
T021,Dercum's Dash,17-18,2017-11-15,2018-04-10,120
T040,Diamond Back,17-18,2018-01-19,2018-04-09,80
T002,Discovery,17-18,2017-12-02,2018-04-02,116
T004,Easy Street,17-18,2017-12-24,2018-04-10,107
T077,Elk Run,17-18,2017-12-22,2018-03-31,25
T005,Endeavor,17-18,2017-11-10,2018-04-09,150
T135,Erickson Bowl,17-18,2018-01-22,2018-04-08,76
T022,Flying Dutchman,17-18,2017-12-16,2018-04-10,115
T006,Freda's,17-18,2017-11-15,2018-04-10,111
T023,Frenchman,17-18,2017-12-28,2018-04-10,103
T024,Gassy Thompson,17-18,2017-12-24,2018-04-10,106
T074,Geronimo,17-18,2018-01-22,2018-04-09,77
T075,Glades,17-18,2018-01-22,2018-04-09,77
T043,Go Devil Lower,17-18,2018-01-20,2018-04-07,77
T042,Go Devil Upper,17-18,2018-01-20,2018-04-07,77
T154,H&H Mine,17-18,2018-01-20,2018-04-04,74
T025,Haywood,17-18,2017-12-27,2018-04-10,104
T026,Hoodoo,17-18,2017-12-25,2018-04-10,106
T052,I-70,17-18,2017-12-24,2018-04-09,106
T044,Ida Belle,17-18,2017-12-28,2018-04-09,102
T007,Ina's Way,17-18,2017-11-15,2018-04-10,127
T127,Independence Bowl,17-18,2018-01-15,2018-04-08,83
T045,Jack Face,17-18,2017-12-24,2018-04-09,106
T027,Jackwhacker,17-18,2017-12-22,2018-04-10,109
T028,Jacques St. James,17-18,2017-12-29,2018-04-10,99
T008,Jaybird,17-18,2017-12-01,2018-04-10,130
T064,Last Alamo,17-18,2017-12-24,2018-04-09,105
T009,Last Chance,17-18,2017-12-15,2018-04-10,116
T046,Last Hoot,17-18,2018-01-24,2018-04-07,73
T083,Lodgepole,17-18,2017-12-26,2018-04-09,94
T055,Lost Mine,17-18,2017-12-29,2018-04-07,99
T053,Main Street,17-18,2018-01-06,2018-04-09,93
T029,Midland,17-18,2017-12-26,2018-04-10,105
T047,Mineshaft,17-18,2018-01-24,2018-04-09,74
T030,Missouri,17-18,2017-12-29,2018-04-10,95
T010,Modest Girl,17-18,2017-12-28,2018-04-10,100
T031,Mozart,17-18,2017-12-22,2018-04-09,107
T056,Murphy's Mine,17-18,2017-11-15,2018-04-04,101
T136,North Bowl,17-18,2017-12-28,2018-04-09,102
T081,Oh Bob,17-18,2017-12-27,2018-04-09,97
T032,Orfint Boy,17-18,2017-12-27,2018-04-10,27
T048,Packsaddle Bowl,17-18,2018-01-24,2018-04-07,73
T054,Park Lane,17-18,2017-12-24,2018-04-09,106
T033,Paymaster,17-18,2017-12-16,2018-04-10,87
T088,Pika Glades,17-18,2017-12-26,2018-04-09,104
T079,Porcupine,17-18,2017-12-30,2018-04-09,9
T076,Powder Cap,17-18,2017-12-26,2018-04-09,104
T061,Prospector,17-18,2017-12-09,2018-04-09,110
T049,Richter,17-18,2018-01-20,2018-04-07,77
T058,Ripperoo's Forest,17-18,2017-11-15,2018-04-07,101
T034,River Run,17-18,2017-12-15,2018-04-10,116
T035,Sante Fe,17-18,2017-12-25,2018-04-10,106
T011,Schoolmarm,17-18,2017-11-10,2018-04-10,151
T012,Scout,17-18,2017-11-18,2018-04-09,142
T013,Silver Spoon,17-18,2017-12-22,2018-04-10,109
T003,Silvermaster,17-18,2017-12-01,2018-04-10,130
T014,Ski-Daddle,17-18,2017-12-06,2018-04-09,124
T137,South Bowl,17-18,2017-12-29,2018-04-09,101
T065,Spillway,17-18,2018-01-05,2018-04-09,94
T036,Spring Dipper,17-18,2017-11-18,2018-04-10,140
T067,Starfire,17-18,2018-01-13,2018-04-09,86
T037,Swandyke,17-18,2017-12-29,2018-04-10,101
T051,The Alley,17-18,2017-12-24,2018-04-09,106
T050,The Edge,17-18,2017-11-22,2018-04-09,138
T089,The Grizz,17-18,2017-12-26,2018-04-09,104
T078,The Willows,17-18,2017-12-30,2018-04-09,78
T148,The Windows,17-18,2018-01-24,2018-04-06,67
T090,Timberwolf,17-18,2017-12-26,2018-04-09,104
T015,Two Sled Road,17-18,2017-12-24,2018-04-09,106
T038,Whipsaw,17-18,2017-12-25,2018-04-10,90
T039,Wild Irishman,17-18,2017-12-29,2018-04-10,88
T082,Wildcat,17-18,2017-12-24,2018-04-09,106
T091,Wildfire,17-18,2017-12-26,2018-04-09,104
T092,Wolverine,17-18,2017-12-26,2018-04-09,104
T068,Ambush,16-17,2016-11-23,2017-04-17,126
T063,Anticipation,16-17,2016-12-12,2017-04-17,124
T016,Bachelor,16-17,2016-12-12,2017-04-18,127
T084,Badger,16-17,2016-12-12,2017-04-17,118
T017,Ballhooter,16-17,2016-12-12,2017-04-17,122
T018,Beger,16-17,2016-12-12,2017-04-18,113
T134,Bergman Bowl,16-17,2016-11-23,2017-04-16,128
T080,Bighorn,16-17,2016-12-12,2017-04-17,124
T085,Black Forest,16-17,2016-11-23,2017-04-17,125
T069,Black Hawk,16-17,2016-11-23,2017-04-17,130
T019,Bobtail,16-17,2016-12-12,2017-04-13,117
T070,Bullet,16-17,2016-11-23,2017-04-17,130
T071,Bullet Glades,16-17,2016-11-23,2017-04-17,130
T086,Bushwhacker,16-17,2016-11-23,2017-04-17,130
T072,Cat Dancer,16-17,2016-11-23,2017-04-17,128
T073,Cat South Glades,16-17,2016-11-23,2017-04-17,130
T087,Coyote Caper,16-17,2016-11-23,2017-04-17,130
T020,Cross Cut,16-17,2016-12-12,2017-04-18,119
T021,Dercum's Dash,16-17,2016-11-25,2017-04-18,144
T040,Diamond Back,16-17,2016-12-31,2017-04-17,106
T002,Discovery,16-17,2016-12-03,2017-04-03,121
T004,Easy Street,16-17,2016-12-21,2017-04-18,118
T077,Elk Run,16-17,2017-01-14,2017-04-17,78
T005,Endeavor,16-17,2016-11-23,2017-04-17,144
T135,Erickson Bowl,16-17,2016-12-12,2017-04-17,122
T022,Flying Dutchman,16-17,2016-12-12,2017-04-18,114
T006,Freda's,16-17,2016-12-10,2017-04-18,129
T023,Frenchman,16-17,2016-12-12,2017-04-18,109
T024,Gassy Thompson,16-17,2016-12-10,2017-04-18,128
T074,Geronimo,16-17,2016-12-07,2017-04-17,124
T075,Glades,16-17,2016-11-23,2017-04-17,130
T043,Go Devil Lower,16-17,2016-11-23,2017-04-14,126
T042,Go Devil Upper,16-17,2016-11-23,2017-04-14,127
T154,H&H Mine,16-17,2016-12-12,2017-04-08,115
T025,Haywood,16-17,2016-12-12,2017-04-18,123
T026,Hoodoo,16-17,2016-12-10,2017-04-18,129
T052,I-70,16-17,2016-12-07,2017-04-17,128
T044,Ida Belle,16-17,2016-11-26,2017-04-05,105
T007,Ina's Way,16-17,2016-12-03,2017-04-18,136
T127,Independence Bowl,16-17,2016-11-23,2017-04-18,131
T045,Jack Face,16-17,2016-11-23,2017-04-18,131
T027,Jackwhacker,16-17,2016-12-12,2017-04-18,124
T028,Jacques St. James,16-17,2016-12-12,2017-04-18,117
T008,Jaybird,16-17,2016-12-03,2017-04-18,136
T064,Last Alamo,16-17,2016-12-12,2017-04-17,122
T009,Last Chance,16-17,2016-11-24,2017-04-18,135
T046,Last Hoot,16-17,2016-11-23,2017-04-14,125
T083,Lodgepole,16-17,2016-12-12,2017-04-17,124
T055,Lost Mine,16-17,2016-12-12,2017-04-07,114
T053,Main Street,16-17,2016-11-23,2017-04-17,127
T029,Midland,16-17,2016-12-12,2017-04-18,112
T047,Mineshaft,16-17,2016-11-23,2017-04-15,128
T030,Missouri,16-17,2016-12-12,2017-04-18,122
T010,Modest Girl,16-17,2016-12-12,2017-04-18,127
T031,Mozart,16-17,2016-12-24,2017-04-17,114
T056,Murphy's Mine,16-17,2016-12-25,2017-04-08,104
T136,North Bowl,16-17,2016-11-23,2017-04-17,108
T081,Oh Bob,16-17,2016-12-12,2017-04-17,124
T032,Orfint Boy,16-17,2016-12-12,2017-04-13,116
T048,Packsaddle Bowl,16-17,2016-11-23,2017-04-14,127
T054,Park Lane,16-17,2016-11-23,2017-04-17,130
T033,Paymaster,16-17,2016-12-12,2017-04-17,124
T088,Pika Glades,16-17,2016-11-23,2017-04-17,130
T079,Porcupine,16-17,2016-12-12,2017-04-05,22
T076,Powder Cap,16-17,2016-11-23,2017-04-17,129
T061,Prospector,16-17,2016-12-12,2017-04-17,121
T049,Richter,16-17,2016-11-23,2017-04-14,127
T058,Ripperoo's Forest,16-17,2016-12-12,2017-04-12,110
T034,River Run,16-17,2016-11-25,2017-04-18,144
T035,Sante Fe,16-17,2016-12-11,2017-04-18,128
T011,Schoolmarm,16-17,2016-11-18,2017-04-18,151
T012,Scout,16-17,2016-12-12,2017-04-17,124
T013,Silver Spoon,16-17,2016-12-03,2017-04-18,136
T003,Silvermaster,16-17,2016-12-03,2017-04-18,136
T137,South Bowl,16-17,2016-11-23,2017-04-17,130
T065,Spillway,16-17,2016-12-12,2017-04-13,103
T036,Spring Dipper,16-17,2016-12-03,2017-04-18,136
T067,Starfire,16-17,2016-11-26,2017-04-17,114
T037,Swandyke,16-17,2016-12-12,2017-04-18,118
T051,The Alley,16-17,2016-12-05,2017-04-17,133
T050,The Edge,16-17,2016-12-03,2017-04-18,136
T089,The Grizz,16-17,2016-11-23,2017-04-17,130
T078,The Willows,16-17,2016-12-12,2017-04-17,122
T148,The Windows,16-17,2016-12-24,2017-04-15,111
T090,Timberwolf,16-17,2016-11-23,2017-04-17,130
T015,Two Sled Road,16-17,2016-12-11,2017-04-17,119
T038,Whipsaw,16-17,2016-12-12,2017-04-18,116
T039,Wild Irishman,16-17,2016-12-12,2017-04-18,114
T082,Wildcat,16-17,2016-11-23,2017-04-17,130
T091,Wildfire,16-17,2016-11-23,2017-04-17,130
T092,Wolverine,16-17,2016-11-23,2017-04-17,130
T068,Ambush,15-16,2015-11-27,2016-04-11,136
T063,Anticipation,15-16,2015-11-21,2016-04-11,142
T016,Bachelor,15-16,2015-11-21,2016-04-12,135
T084,Badger,15-16,2015-11-21,2016-04-11,142
T017,Ballhooter,15-16,2015-12-17,2016-04-11,116
T018,Beger,15-16,2015-12-25,2016-04-12,108
T134,Bergman Bowl,15-16,2015-11-29,2016-04-10,133
T080,Bighorn,15-16,2015-11-22,2016-04-11,141
T085,Black Forest,15-16,2015-11-21,2016-04-11,142
T069,Black Hawk,15-16,2015-12-31,2016-04-11,102
T019,Bobtail,15-16,2015-11-22,2016-04-12,134
T070,Bullet,15-16,2015-11-27,2016-04-11,136
T071,Bullet Glades,15-16,2015-11-27,2016-04-11,136
T086,Bushwhacker,15-16,2015-11-21,2016-04-11,142
T072,Cat Dancer,15-16,2015-11-29,2016-04-11,134
T073,Cat South Glades,15-16,2015-12-02,2016-04-11,131
T087,Coyote Caper,15-16,2015-11-21,2016-04-11,142
T020,Cross Cut,15-16,2015-12-17,2016-04-12,117
T021,Dercum's Dash,15-16,2015-11-21,2016-04-12,143
T040,Diamond Back,15-16,2016-01-01,2016-04-11,101
T002,Discovery,15-16,2015-11-25,2016-04-05,124
T004,Easy Street,15-16,2015-12-04,2016-04-12,122
T077,Elk Run,15-16,2015-11-22,2016-04-11,141
T005,Endeavor,15-16,2015-11-06,2016-04-11,157
T135,Erickson Bowl,15-16,2015-12-01,2016-04-10,131
T157,Escape,15-16,2015-11-22,2016-04-11,141
T022,Flying Dutchman,15-16,2015-11-21,2016-04-12,135
T006,Freda's,15-16,2015-11-21,2016-04-12,143
T023,Frenchman,15-16,2015-11-21,2016-04-12,121
T024,Gassy Thompson,15-16,2015-11-22,2016-04-12,142
T074,Geronimo,15-16,2015-12-05,2016-04-11,128
T075,Glades,15-16,2015-12-31,2016-04-11,102
T043,Go Devil Lower,15-16,2016-01-08,2016-04-07,90
T042,Go Devil Upper,15-16,2016-01-08,2016-04-07,90
T154,H&H Mine,15-16,2015-11-25,2016-04-10,126
T025,Haywood,15-16,2015-12-20,2016-04-12,114
T026,Hoodoo,15-16,2015-11-21,2016-04-12,143
T052,I-70,15-16,2015-11-25,2016-04-11,138
T044,Ida Belle,15-16,2015-12-13,2016-04-12,121
T007,Ina's Way,15-16,2015-11-21,2016-04-12,143
T127,Independence Bowl,15-16,2015-12-12,2016-04-10,120
T045,Jack Face,15-16,2015-11-21,2016-04-12,134
T027,Jackwhacker,15-16,2015-11-21,2016-04-12,134
T028,Jacques St. James,15-16,2015-12-04,2016-04-12,122
T008,Jaybird,15-16,2015-12-18,2016-04-12,116
T064,Last Alamo,15-16,2015-11-27,2016-04-11,135
T009,Last Chance,15-16,2015-11-21,2016-04-12,143
T046,Last Hoot,15-16,2016-02-01,2016-04-07,66
T083,Lodgepole,15-16,2015-11-22,2016-04-11,141
T055,Lost Mine,15-16,2015-11-25,2016-04-11,138
T053,Main Street,15-16,2016-01-28,2016-04-11,74
T029,Midland,15-16,2015-12-27,2016-04-12,107
T047,Mineshaft,15-16,2015-12-24,2016-04-07,72
T030,Missouri,15-16,2015-12-04,2016-04-12,130
T010,Modest Girl,15-16,2015-12-18,2016-04-12,116
T031,Mozart,15-16,2015-12-05,2016-04-11,128
T056,Murphy's Mine,15-16,2015-11-25,2016-04-11,138
T136,North Bowl,15-16,2015-11-21,2016-04-11,142
T081,Oh Bob,15-16,2015-11-22,2016-04-11,141
T032,Orfint Boy,15-16,2015-11-28,2016-04-12,136
T048,Packsaddle Bowl,15-16,2016-01-08,2016-04-07,90
T054,Park Lane,15-16,2015-12-07,2016-04-11,126
T033,Paymaster,15-16,2015-12-12,2016-04-12,122
T088,Pika Glades,15-16,2015-11-22,2016-04-11,141
T079,Porcupine,15-16,2015-11-22,2016-04-11,141
T076,Powder Cap,15-16,2015-11-27,2016-04-11,136
T061,Prospector,15-16,2015-11-21,2016-04-11,140
T049,Richter,15-16,2016-01-08,2016-04-07,90
T058,Ripperoo's Forest,15-16,2015-11-24,2016-04-11,139
T034,River Run,15-16,2015-11-11,2016-04-12,153
T035,Sante Fe,15-16,2015-11-21,2016-04-12,143
T011,Schoolmarm,15-16,2015-11-14,2016-04-12,150
T012,Scout,15-16,2015-11-10,2016-04-11,153
T013,Silver Spoon,15-16,2016-01-11,2016-04-12,90
T003,Silvermaster,15-16,2015-11-14,2016-04-12,150
T137,South Bowl,15-16,2015-11-24,2016-04-11,139
T065,Spillway,15-16,2015-12-25,2016-04-11,108
T036,Spring Dipper,15-16,2015-11-06,2016-04-12,158
T067,Starfire,15-16,2015-12-31,2016-04-11,102
T037,Swandyke,15-16,2015-12-06,2016-04-12,128
T051,The Alley,15-16,2015-11-25,2016-04-11,138
T089,The Grizz,15-16,2015-11-21,2016-04-11,142
T078,The Willows,15-16,2015-12-25,2016-04-11,108
T148,The Windows,15-16,2015-12-25,2016-04-07,104
T090,Timberwolf,15-16,2015-11-21,2016-04-11,142
T015,Two Sled Road,15-16,2015-11-28,2016-04-11,135
T038,Whipsaw,15-16,2015-11-21,2016-04-12,129
T039,Wild Irishman,15-16,2015-11-21,2016-04-12,139
T091,Wildfire,15-16,2015-11-22,2016-04-11,141
T092,Wolverine,15-16,2015-11-22,2016-04-11,141
T151,A-51 Bypass,14-15,2014-11-29,2015-04-12,133
T068,Ambush,14-15,2014-11-28,2015-04-12,135
T063,Anticipation,14-15,2014-11-22,2015-04-12,141
T016,Bachelor,14-15,2014-11-18,2015-04-14,144
T084,Badger,14-15,2014-11-22,2015-04-12,141
T017,Ballhooter,14-15,2014-11-26,2015-04-12,114
T152,Bear Tree,14-15,2014-11-29,2015-04-14,136
T018,Beger,14-15,2015-01-10,2015-04-14,94
T134,Bergman Bowl,14-15,2014-12-05,2015-04-05,121
T080,Bighorn,14-15,2014-11-22,2015-04-12,141
T085,Black Forest,14-15,2014-11-22,2015-04-12,141
T069,Black Hawk,14-15,2015-01-02,2015-03-19,76
T019,Bobtail,14-15,2014-12-31,2015-04-05,95
T070,Bullet,14-15,2014-12-27,2015-04-12,106
T071,Bullet Glades,14-15,2014-12-27,2015-04-12,106
T086,Bushwhacker,14-15,2014-11-22,2015-04-12,141
T072,Cat Dancer,14-15,2014-12-25,2015-04-05,101
T073,Cat South Glades,14-15,2014-12-29,2015-04-05,97
T087,Coyote Caper,14-15,2014-11-22,2015-04-12,141
T020,Cross Cut,14-15,2014-11-18,2015-04-14,129
T021,Dercum's Dash,14-15,2014-11-29,2015-04-14,136
T040,Diamond Back,14-15,2014-12-29,2015-04-12,88
T002,Discovery,14-15,2014-11-26,2015-04-06,120
T004,Easy Street,14-15,2014-12-02,2015-04-14,115
T077,Elk Run,14-15,2014-11-22,2015-04-12,124
T005,Endeavor,14-15,2014-11-07,2015-04-12,156
T135,Erickson Bowl,14-15,2014-12-13,2015-03-19,93
T157,Escape,14-15,2014-11-22,2015-04-10,126
T022,Flying Dutchman,14-15,2014-11-22,2015-04-14,143
T006,Freda's,14-15,2014-11-26,2015-04-14,139
T023,Frenchman,14-15,2014-11-22,2015-04-14,113
T024,Gassy Thompson,14-15,2014-11-26,2015-04-14,139
T074,Geronimo,14-15,2014-12-25,2015-04-12,108
T075,Glades,14-15,2015-01-02,2015-04-12,100
T043,Go Devil Lower,14-15,2015-01-17,2015-04-07,80
T042,Go Devil Upper,14-15,2015-01-17,2015-04-05,78
T154,H&H Mine,14-15,2014-11-29,2015-04-05,127
T025,Haywood,14-15,2014-12-27,2015-04-12,103
T026,Hoodoo,14-15,2014-11-26,2015-04-14,139
T052,I-70,14-15,2014-12-23,2015-04-12,110
T044,Ida Belle,14-15,2014-11-22,2015-04-14,129
T007,Ina's Way,14-15,2014-11-26,2015-04-14,139
T127,Independence Bowl,14-15,2015-01-01,2015-04-05,94
T045,Jack Face,14-15,2014-11-16,2015-04-14,146
T027,Jackwhacker,14-15,2014-11-16,2015-04-14,144
T028,Jacques St. James,14-15,2014-11-22,2015-04-14,136
T008,Jaybird,14-15,2014-11-22,2015-04-07,136
T064,Last Alamo,14-15,2014-11-28,2015-04-12,135
T009,Last Chance,14-15,2014-11-26,2015-04-14,139
T046,Last Hoot,14-15,2015-01-27,2015-04-06,66
T083,Lodgepole,14-15,2014-11-22,2015-04-12,141
T055,Lost Mine,14-15,2014-11-29,2015-04-12,134
T053,Main Street,14-15,2015-01-10,2015-04-12,92
T029,Midland,14-15,2015-01-10,2015-04-14,94
T047,Mineshaft,14-15,2014-12-26,2015-02-08,17
T030,Missouri,14-15,2014-11-22,2015-04-14,136
T010,Modest Girl,14-15,2015-01-10,2015-04-05,85
T031,Mozart,14-15,2014-12-20,2015-04-12,113
T056,Murphy's Mine,14-15,2014-11-29,2015-04-05,127
T136,North Bowl,14-15,2014-11-22,2015-04-12,141
T081,Oh Bob,14-15,2014-11-22,2015-04-05,119
T032,Orfint Boy,14-15,2014-12-27,2015-04-05,99
T048,Packsaddle Bowl,14-15,2015-01-26,2015-04-07,71
T054,Park Lane,14-15,2014-11-26,2015-04-12,137
T033,Paymaster,14-15,2014-11-22,2015-04-14,141
T088,Pika Glades,14-15,2014-11-22,2015-03-19,117
T079,Porcupine,14-15,2014-11-22,2015-04-12,141
T076,Powder Cap,14-15,2014-11-28,2015-04-12,135
T061,Prospector,14-15,2014-11-22,2015-04-12,141
T049,Richter,14-15,2015-01-26,2015-04-07,71
T058,Ripperoo's Forest,14-15,2014-12-25,2015-03-22,87
T034,River Run,14-15,2014-11-07,2015-04-14,158
T035,Sante Fe,14-15,2014-11-18,2015-04-14,142
T011,Schoolmarm,14-15,2014-11-14,2015-04-14,151
T012,Scout,14-15,2014-11-14,2015-04-12,149
T013,Silver Spoon,14-15,2014-12-19,2015-04-14,116
T003,Silvermaster,14-15,2014-11-14,2015-04-14,151
T137,South Bowl,14-15,2014-11-22,2015-04-12,141
T065,Spillway,14-15,2014-11-29,2015-04-12,134
T036,Spring Dipper,14-15,2014-11-07,2015-04-14,158
T067,Starfire,14-15,2015-01-03,2015-04-12,99
T037,Swandyke,14-15,2014-11-22,2015-04-14,136
T051,The Alley,14-15,2014-11-26,2015-04-12,137
T089,The Grizz,14-15,2014-11-22,2015-04-12,141
T155,The Slot,14-15,2015-01-27,2015-04-05,68
T078,The Willows,14-15,2014-12-20,2015-04-12,113
T148,The Windows,14-15,2014-12-30,2015-02-08,18
T090,Timberwolf,14-15,2014-11-22,2015-04-12,141
T015,Two Sled Road,14-15,2014-11-26,2015-04-12,137
T038,Whipsaw,14-15,2014-11-16,2015-04-14,138
T039,Wild Irishman,14-15,2014-11-18,2015-04-14,118
T091,Wildfire,14-15,2014-11-22,2015-03-19,117
T092,Wolverine,14-15,2014-11-22,2015-03-19,117
T068,Ambush,13-14,2013-12-06,2014-04-21,136
T063,Anticipation,13-14,2013-12-06,2014-04-21,136
T016,Bachelor,13-14,2013-11-27,2014-04-22,143
T084,Badger,13-14,2013-12-06,2014-04-21,136
T017,Ballhooter,13-14,2013-12-20,2014-04-21,122
T152,Bear Tree,13-14,2013-11-22,2014-04-22,151
T018,Beger,13-14,2013-12-19,2014-04-22,124
T134,Bergman Bowl,13-14,2013-12-06,2014-04-21,136
T080,Bighorn,13-14,2013-12-09,2014-04-21,133
T085,Black Forest,13-14,2013-12-06,2014-04-21,136
T069,Black Hawk,13-14,2014-01-07,2014-04-21,104
T019,Bobtail,13-14,2013-11-22,2014-04-22,151
T070,Bullet,13-14,2013-12-06,2014-04-21,136
T071,Bullet Glades,13-14,2013-12-06,2014-04-21,136
T086,Bushwhacker,13-14,2013-12-06,2014-04-21,136
T072,Cat Dancer,13-14,2014-01-05,2014-04-21,106
T073,Cat South Glades,13-14,2014-01-05,2014-04-21,106
T087,Coyote Caper,13-14,2013-12-06,2014-04-21,136
T020,Cross Cut,13-14,2013-11-27,2014-04-22,146
T021,Dercum's Dash,13-14,2013-11-22,2014-04-22,151
T040,Diamond Back,13-14,2014-01-16,2014-04-21,95
T002,Discovery,13-14,2013-11-27,2014-04-21,135
T004,Easy Street,13-14,2013-12-22,2014-04-22,121
T077,Elk Run,13-14,2013-12-09,2014-04-21,133
T005,Endeavor,13-14,2013-11-01,2014-04-22,172
T135,Erickson Bowl,13-14,2014-01-18,2014-04-21,93
T157,Escape,13-14,2013-12-13,2014-04-21,129
T022,Flying Dutchman,13-14,2013-11-15,2014-04-22,158
T006,Freda's,13-14,2013-11-27,2014-04-22,146
T023,Frenchman,13-14,2013-12-26,2014-04-22,117
T024,Gassy Thompson,13-14,2013-11-27,2014-04-22,144
T074,Geronimo,13-14,2014-01-05,2014-04-21,106
T075,Glades,13-14,2014-01-07,2014-04-21,104
T043,Go Devil Lower,13-14,2014-01-09,2014-04-18,99
T042,Go Devil Upper,13-14,2014-01-12,2014-04-18,96
T154,H&H Mine,13-14,2013-12-10,2014-04-22,133
T025,Haywood,13-14,2013-12-31,2014-04-21,111
T026,Hoodoo,13-14,2013-11-27,2014-04-22,146
T052,I-70,13-14,2013-12-21,2014-04-21,121
T044,Ida Belle,13-14,2013-12-14,2014-04-22,129
T007,Ina's Way,13-14,2013-11-22,2014-04-22,151
T127,Independence Bowl,13-14,2013-12-29,2014-04-21,113
T045,Jack Face,13-14,2013-11-27,2014-04-22,144
T027,Jackwhacker,13-14,2013-12-06,2014-04-22,137
T028,Jacques St. James,13-14,2013-12-19,2014-04-22,124
T008,Jaybird,13-14,2013-11-27,2014-04-22,146
T064,Last Alamo,13-14,2013-12-11,2014-04-21,131
T009,Last Chance,13-14,2013-11-27,2014-04-22,146
T046,Last Hoot,13-14,2014-01-30,2014-04-18,78
T083,Lodgepole,13-14,2013-12-09,2014-04-21,122
T055,Lost Mine,13-14,2013-12-10,2014-04-22,133
T053,Main Street,13-14,2013-11-30,2014-04-21,142
T029,Midland,13-14,2013-12-20,2014-04-22,123
T047,Mineshaft,13-14,2014-01-31,2014-04-21,80
T030,Missouri,13-14,2013-12-19,2014-04-22,124
T010,Modest Girl,13-14,2013-12-18,2014-04-22,125
T031,Mozart,13-14,2013-12-13,2014-04-21,129
T056,Murphy's Mine,13-14,2013-12-29,2014-04-22,114
T136,North Bowl,13-14,2013-12-06,2014-04-21,136
T081,Oh Bob,13-14,2013-12-13,2014-04-21,120
T032,Orfint Boy,13-14,2013-12-09,2014-04-22,134
T048,Packsaddle Bowl,13-14,2014-01-12,2014-04-18,96
T054,Park Lane,13-14,2013-11-27,2014-04-21,145
T033,Paymaster,13-14,2013-11-27,2014-04-22,146
T088,Pika Glades,13-14,2013-12-09,2014-04-21,133
T079,Porcupine,13-14,2013-12-09,2014-04-21,133
T076,Powder Cap,13-14,2013-12-06,2014-04-21,136
T061,Prospector,13-14,2013-12-06,2014-04-21,136
T049,Richter,13-14,2014-01-09,2014-04-18,99
T058,Ripperoo's Forest,13-14,2013-12-21,2014-04-22,122
T034,River Run,13-14,2013-11-01,2014-04-22,172
T035,Sante Fe,13-14,2013-11-27,2014-04-22,145
T011,Schoolmarm,13-14,2013-11-08,2014-04-22,165
T012,Scout,13-14,2013-11-01,2014-04-22,172
T013,Silver Spoon,13-14,2013-11-08,2014-04-22,146
T003,Silvermaster,13-14,2013-11-09,2014-04-22,164
T137,South Bowl,13-14,2013-12-12,2014-04-21,130
T065,Spillway,13-14,2013-12-29,2014-04-21,113
T036,Spring Dipper,13-14,2013-11-01,2014-04-22,172
T067,Starfire,13-14,2014-01-04,2014-04-21,107
T037,Swandyke,13-14,2013-12-20,2014-04-22,123
T051,The Alley,13-14,2013-11-27,2014-04-21,145
T089,The Grizz,13-14,2013-12-06,2014-04-21,136
T078,The Willows,13-14,2013-12-21,2014-04-21,121
T148,The Windows,13-14,2014-01-10,2014-04-21,101
T090,Timberwolf,13-14,2013-12-06,2014-04-21,136
T015,Two Sled Road,13-14,2013-11-27,2014-04-21,145
T038,Whipsaw,13-14,2013-12-06,2014-04-22,137
T039,Wild Irishman,13-14,2013-11-27,2014-04-22,127
T091,Wildfire,13-14,2013-12-09,2014-04-21,133
T092,Wolverine,13-14,2013-12-09,2014-04-21,133
T151,A-51 Bypass,12-13,2012-11-28,2013-04-07,130
T068,Ambush,12-13,2012-12-20,2013-04-07,104
T063,Anticipation,12-13,2012-12-20,2013-04-07,108
T016,Bachelor,12-13,2012-12-19,2013-04-07,109
T084,Badger,12-13,2012-12-20,2013-04-07,108
T017,Ballhooter,12-13,2012-12-26,2013-04-07,102
T152,Bear Tree,12-13,2012-11-28,2013-04-09,132
T018,Beger,12-13,2013-01-07,2013-04-07,90
T134,Bergman Bowl,12-13,2012-12-20,2013-04-05,106
T080,Bighorn,12-13,2012-12-24,2013-04-07,104
T085,Black Forest,12-13,2012-12-20,2013-04-07,108
T069,Black Hawk,12-13,2013-02-10,2013-04-07,56
T019,Bobtail,12-13,2013-02-10,2013-04-05,49
T070,Bullet,12-13,2012-12-20,2013-04-07,108
T071,Bullet Glades,12-13,2012-12-20,2013-04-07,108
T086,Bushwhacker,12-13,2012-12-26,2013-04-07,102
T072,Cat Dancer,12-13,2013-01-26,2013-04-07,71
T073,Cat South Glades,12-13,2013-01-26,2013-04-07,71
T087,Coyote Caper,12-13,2012-12-20,2013-04-07,108
T020,Cross Cut,12-13,2012-12-20,2013-04-07,108
T021,Dercum's Dash,12-13,2012-11-20,2013-04-09,140
T040,Diamond Back,12-13,2013-01-16,2013-04-07,81
T002,Discovery,12-13,2012-11-30,2013-04-04,117
T004,Easy Street,12-13,2012-12-20,2013-04-07,108
T077,Elk Run,12-13,2012-12-24,2013-04-07,104
T005,Endeavor,12-13,2012-11-02,2013-04-07,156
T135,Erickson Bowl,12-13,2013-02-02,2013-04-05,62
T157,Escape,12-13,2012-12-25,2013-04-07,103
T022,Flying Dutchman,12-13,2012-11-28,2013-04-09,132
T066,Foxtrot,12-13,2012-12-20,2013-04-07,108
T006,Freda's,12-13,2012-12-20,2013-04-07,108
T023,Frenchman,12-13,2012-12-26,2013-04-09,104
T024,Gassy Thompson,12-13,2012-12-20,2013-04-07,108
T074,Geronimo,12-13,2013-01-16,2013-04-07,81
T075,Glades,12-13,2013-02-10,2013-04-07,56
T043,Go Devil Lower,12-13,2013-01-22,2013-04-04,72
T042,Go Devil Upper,12-13,2013-01-22,2013-04-05,73
T025,Haywood,12-13,2012-12-27,2013-04-09,103
T026,Hoodoo,12-13,2012-12-20,2013-04-07,108
T052,I-70,12-13,2012-12-20,2013-04-07,108
T044,Ida Belle,12-13,2012-12-20,2013-04-07,108
T007,Ina's Way,12-13,2012-11-20,2013-04-09,140
T127,Independence Bowl,12-13,2012-12-20,2013-04-05,93
T045,Jack Face,12-13,2012-12-20,2013-04-07,108
T027,Jackwhacker,12-13,2012-11-28,2013-04-07,128
T028,Jacques St. James,12-13,2013-01-02,2013-04-07,95
T008,Jaybird,12-13,2012-12-25,2013-04-07,103
T064,Last Alamo,12-13,2012-12-13,2013-04-07,112
T009,Last Chance,12-13,2012-11-13,2013-04-09,125
T046,Last Hoot,12-13,2013-02-10,2013-04-04,53
T083,Lodgepole,12-13,2012-12-20,2013-04-07,108
T053,Main Street,12-13,2012-12-13,2013-04-07,115
T029,Midland,12-13,2013-01-10,2013-04-07,87
T047,Mineshaft,12-13,2013-02-25,2013-03-31,30
T030,Missouri,12-13,2013-01-02,2013-04-07,95
T010,Modest Girl,12-13,2013-01-01,2013-04-07,96
T031,Mozart,12-13,2012-12-21,2013-04-07,107
T136,North Bowl,12-13,2012-12-20,2013-04-07,108
T081,Oh Bob,12-13,2012-12-25,2013-04-07,103
T032,Orfint Boy,12-13,2012-12-26,2013-03-18,26
T048,Packsaddle Bowl,12-13,2013-01-22,2013-04-06,74
T054,Park Lane,12-13,2012-11-27,2013-04-07,131
T033,Paymaster,12-13,2012-12-13,2013-04-09,112
T088,Pika Glades,12-13,2012-12-27,2013-04-07,101
T079,Porcupine,12-13,2012-12-20,2013-04-07,108
T076,Powder Cap,12-13,2012-12-20,2013-04-07,108
T061,Prospector,12-13,2012-12-13,2013-04-07,115
T049,Richter,12-13,2013-01-22,2013-04-04,72
T034,River Run,12-13,2012-11-02,2013-04-09,158
T035,Sante Fe,12-13,2012-12-20,2013-04-07,79
T011,Schoolmarm,12-13,2012-11-13,2013-04-09,146
T012,Scout,12-13,2012-11-02,2013-04-07,156
T013,Silver Spoon,12-13,2012-11-13,2013-04-09,146
T003,Silvermaster,12-13,2013-01-23,2013-04-07,74
T137,South Bowl,12-13,2013-01-07,2013-04-07,90
T065,Spillway,12-13,2012-12-24,2013-04-07,104
T036,Spring Dipper,12-13,2012-11-02,2013-04-09,158
T067,Starfire,12-13,2013-01-11,2013-04-07,86
T037,Swandyke,12-13,2013-01-26,2013-04-07,71
T051,The Alley,12-13,2012-11-20,2013-04-07,138
T089,The Grizz,12-13,2012-12-20,2013-04-07,108
T155,The Slot,12-13,2013-01-28,2013-04-06,68
T078,The Willows,12-13,2012-12-31,2013-04-07,97
T148,The Windows,12-13,2013-02-26,2013-03-31,24
T090,Timberwolf,12-13,2012-12-20,2013-04-07,108
T015,Two Sled Road,12-13,2012-12-13,2013-04-07,115
T156,Wayback L.L.,12-13,2013-02-17,2013-03-31,37
T038,Whipsaw,12-13,2012-12-20,2013-04-07,100
T039,Wild Irishman,12-13,2012-12-20,2013-04-07,89
T091,Wildfire,12-13,2012-12-27,2013-04-07,101
T092,Wolverine,12-13,2012-12-27,2013-04-07,101
T151,A-51 Bypass,11-12,2011-11-24,2012-04-04,132
T068,Ambush,11-12,2011-12-23,2012-03-18,74
T063,Anticipation,11-12,2011-12-15,2012-04-09,114
T016,Bachelor,11-12,2011-12-28,2012-04-03,97
T084,Badger,11-12,2011-12-23,2012-03-31,87
T017,Ballhooter,11-12,2012-01-08,2012-04-09,92
T152,Bear Tree,11-12,2011-11-21,2012-04-09,140
T018,Beger,11-12,2011-12-23,2012-04-02,101
T134,Bergman Bowl,11-12,2011-12-23,2012-03-18,81
T080,Bighorn,11-12,2012-01-20,2012-03-18,58
T085,Black Forest,11-12,2011-12-23,2012-03-31,84
T069,Black Hawk,11-12,2012-03-01,2012-03-08,7
T019,Bobtail,11-12,2012-01-08,2012-02-26,43
T070,Bullet,11-12,2012-01-17,2012-03-18,61
T086,Bushwhacker,11-12,2011-12-23,2012-03-29,68
T072,Cat Dancer,11-12,2012-02-12,2012-03-18,35
T087,Coyote Caper,11-12,2011-12-23,2012-03-31,74
T020,Cross Cut,11-12,2012-01-11,2012-04-04,84
T021,Dercum's Dash,11-12,2011-11-21,2012-04-09,140
T040,Diamond Back,11-12,2012-01-12,2012-04-09,88
T002,Discovery,11-12,2011-11-22,2012-04-09,125
T004,Easy Street,11-12,2011-12-22,2012-04-10,110
T077,Elk Run,11-12,2011-12-22,2012-04-09,109
T005,Endeavor,11-12,2011-11-03,2012-04-09,158
T135,Erickson Bowl,11-12,2012-02-09,2012-03-11,31
T157,Escape,11-12,2012-01-23,2012-03-18,55
T022,Flying Dutchman,11-12,2011-11-23,2012-04-10,139
T066,Foxtrot,11-12,2012-01-02,2012-03-31,89
T006,Freda's,11-12,2011-12-22,2012-04-02,102
T023,Frenchman,11-12,2011-12-16,2012-04-09,115
T024,Gassy Thompson,11-12,2011-12-23,2012-03-31,99
T074,Geronimo,11-12,2012-01-28,2012-03-18,50
T043,Go Devil Lower,11-12,2012-01-08,2012-04-04,87
T042,Go Devil Upper,11-12,2012-01-07,2012-03-26,79
T025,Haywood,11-12,2011-12-19,2012-04-09,112
T026,Hoodoo,11-12,2011-12-22,2012-04-02,102
T052,I-70,11-12,2011-12-23,2012-04-09,108
T044,Ida Belle,11-12,2012-01-14,2012-04-06,83
T007,Ina's Way,11-12,2011-11-17,2012-04-10,145
T127,Independence Bowl,11-12,2012-01-26,2012-03-18,52
T045,Jack Face,11-12,2012-01-08,2012-04-02,85
T027,Jackwhacker,11-12,2011-11-23,2012-04-09,135
T028,Jacques St. James,11-12,2011-12-23,2012-04-09,108
T008,Jaybird,11-12,2011-11-24,2012-04-09,137
T064,Last Alamo,11-12,2011-12-02,2012-04-09,129
T009,Last Chance,11-12,2011-11-17,2012-04-10,145
T046,Last Hoot,11-12,2012-01-23,2012-03-25,62
T083,Lodgepole,11-12,2012-01-21,2012-03-31,70
T053,Main Street,11-12,2011-12-09,2012-04-09,122
T029,Midland,11-12,2011-12-23,2012-04-02,101
T030,Missouri,11-12,2011-12-23,2012-04-09,108
T010,Modest Girl,11-12,2012-01-07,2012-04-09,93
T031,Mozart,11-12,2011-12-09,2012-04-09,122
T136,North Bowl,11-12,2011-12-24,2012-04-01,87
T081,Oh Bob,11-12,2012-01-22,2012-03-18,56
T032,Orfint Boy,11-12,2011-12-20,2012-04-09,111
T048,Packsaddle Bowl,11-12,2012-01-10,2012-04-04,85
T054,Park Lane,11-12,2011-11-23,2012-04-09,138
T033,Paymaster,11-12,2011-11-21,2012-04-03,134
T088,Pika Glades,11-12,2012-01-27,2012-03-18,51
T079,Porcupine,11-12,2012-01-11,2012-04-09,89
T076,Powder Cap,11-12,2011-12-23,2012-04-01,94
T061,Prospector,11-12,2011-12-02,2012-04-09,129
T049,Richter,11-12,2012-01-07,2012-04-04,88
T034,River Run,11-12,2011-11-03,2012-04-10,159
T035,Sante Fe,11-12,2011-12-23,2012-03-18,77
T011,Schoolmarm,11-12,2011-11-10,2012-04-10,152
T012,Scout,11-12,2011-11-03,2012-04-09,158
T013,Silver Spoon,11-12,2011-11-10,2012-04-10,152
T003,Silvermaster,11-12,2011-11-18,2012-04-05,139
T137,South Bowl,11-12,2012-01-28,2012-03-19,51
T065,Spillway,11-12,2011-12-27,2012-04-09,104
T036,Spring Dipper,11-12,2011-11-03,2012-04-10,159
T067,Starfire,11-12,2011-12-31,2012-04-09,100
T037,Swandyke,11-12,2012-01-08,2012-03-18,70
T051,The Alley,11-12,2011-11-23,2012-04-09,138
T089,The Grizz,11-12,2011-12-23,2012-03-31,75
T155,The Slot,11-12,2012-01-27,2012-04-03,67
T078,The Willows,11-12,2012-01-21,2012-04-09,79
T148,The Windows,11-12,2012-03-01,2012-03-07,6
T090,Timberwolf,11-12,2011-12-23,2012-03-31,87
T015,Two Sled Road,11-12,2011-11-26,2012-04-09,135
T038,Whipsaw,11-12,2011-12-23,2012-03-25,93
T039,Wild Irishman,11-12,2011-12-23,2012-04-09,88
T091,Wildfire,11-12,2012-01-27,2012-03-18,51
T092,Wolverine,11-12,2012-01-27,2012-03-18,51
T151,A-51 Bypass,10-11,2010-11-18,2011-04-10,143
T068,Ambush,10-11,2010-11-23,2011-04-10,138
T063,Anticipation,10-11,2010-11-18,2011-04-10,143
T016,Bachelor,10-11,2010-11-14,2011-04-12,149
T084,Badger,10-11,2010-11-18,2011-04-10,143
T017,Ballhooter,10-11,2010-12-03,2011-04-12,130
T152,Bear Tree,10-11,2010-11-18,2011-04-12,145
T018,Beger,10-11,2010-12-18,2011-04-12,115
T134,Bergman Bowl,10-11,2010-11-24,2011-04-08,135
T080,Bighorn,10-11,2010-11-18,2011-04-10,143
T085,Black Forest,10-11,2010-11-18,2011-04-10,143
T069,Black Hawk,10-11,2010-12-18,2011-04-10,113
T019,Bobtail,10-11,2010-11-18,2011-04-12,142
T070,Bullet,10-11,2010-11-23,2011-04-10,132
T071,Bullet Glades,10-11,2010-11-23,2011-04-10,133
T086,Bushwhacker,10-11,2010-11-18,2011-04-10,143
T072,Cat Dancer,10-11,2010-11-23,2011-04-10,138
T073,Cat South Glades,10-11,2010-11-23,2011-04-10,138
T087,Coyote Caper,10-11,2010-11-18,2011-04-10,143
T020,Cross Cut,10-11,2010-11-22,2011-04-12,141
T021,Dercum's Dash,10-11,2010-11-18,2011-04-12,145
T040,Diamond Back,10-11,2010-12-19,2011-04-10,103
T002,Discovery,10-11,2010-11-23,2011-04-03,119
T004,Easy Street,10-11,2010-12-16,2011-04-10,115
T077,Elk Run,10-11,2010-11-18,2011-04-10,143
T005,Endeavor,10-11,2010-11-05,2011-04-10,156
T135,Erickson Bowl,10-11,2010-11-28,2011-04-02,122
T157,Escape,10-11,2010-11-18,2011-04-10,143
T022,Flying Dutchman,10-11,2010-11-05,2011-04-12,158
T066,Foxtrot,10-11,2010-11-18,2011-04-10,143
T006,Freda's,10-11,2010-11-18,2011-04-12,145
T023,Frenchman,10-11,2010-11-14,2011-04-12,124
T024,Gassy Thompson,10-11,2010-11-18,2011-04-12,145
T074,Geronimo,10-11,2010-11-23,2011-04-10,138
T075,Glades,10-11,2010-12-18,2011-04-10,113
T043,Go Devil Lower,10-11,2010-12-25,2011-04-10,106
T042,Go Devil Upper,10-11,2010-12-25,2011-04-10,91
T025,Haywood,10-11,2011-01-02,2011-04-12,100
T026,Hoodoo,10-11,2010-11-18,2011-04-12,145
T052,I-70,10-11,2010-12-25,2011-04-08,89
T044,Ida Belle,10-11,2010-11-18,2011-04-12,144
T007,Ina's Way,10-11,2010-11-18,2011-04-12,145
T127,Independence Bowl,10-11,2010-11-28,2011-04-08,131
T045,Jack Face,10-11,2010-11-14,2011-04-12,149
T027,Jackwhacker,10-11,2010-11-17,2011-04-12,132
T028,Jacques St. James,10-11,2010-11-16,2011-04-12,134
T008,Jaybird,10-11,2010-11-18,2011-04-10,143
T064,Last Alamo,10-11,2010-11-23,2011-04-10,138
T009,Last Chance,10-11,2010-11-18,2011-04-12,145
T046,Last Hoot,10-11,2011-01-01,2011-04-10,99
T083,Lodgepole,10-11,2010-11-18,2011-04-10,143
T053,Main Street,10-11,2010-12-06,2011-03-29,113
T029,Midland,10-11,2010-12-18,2011-04-12,115
T047,Mineshaft,10-11,2010-12-19,2011-04-10,112
T030,Missouri,10-11,2010-11-16,2011-04-12,140
T010,Modest Girl,10-11,2010-12-18,2011-04-10,113
T031,Mozart,10-11,2010-12-04,2011-04-10,127
T136,North Bowl,10-11,2010-11-20,2011-04-10,141
T081,Oh Bob,10-11,2010-11-18,2011-04-10,143
T032,Orfint Boy,10-11,2010-11-18,2011-04-12,129
T048,Packsaddle Bowl,10-11,2010-12-19,2011-04-10,107
T054,Park Lane,10-11,2010-11-23,2011-04-10,138
T033,Paymaster,10-11,2010-11-18,2011-04-12,145
T088,Pika Glades,10-11,2010-11-18,2011-04-10,143
T079,Porcupine,10-11,2010-11-18,2011-04-10,143
T076,Powder Cap,10-11,2010-11-23,2011-04-10,138
T061,Prospector,10-11,2010-11-23,2011-04-10,138
T049,Richter,10-11,2010-12-25,2011-04-10,106
T034,River Run,10-11,2010-11-05,2011-04-12,158
T035,Sante Fe,10-11,2010-11-16,2011-04-12,147
T011,Schoolmarm,10-11,2010-11-18,2011-04-12,145
T012,Scout,10-11,2010-11-22,2011-04-10,139
T013,Silver Spoon,10-11,2010-11-18,2011-04-12,145
T003,Silvermaster,10-11,2010-11-23,2011-04-12,140
T137,South Bowl,10-11,2010-11-20,2011-04-10,141
T065,Spillway,10-11,2010-11-30,2011-04-10,131
T036,Spring Dipper,10-11,2010-11-05,2011-04-12,158
T067,Starfire,10-11,2010-12-19,2011-04-10,112
T037,Swandyke,10-11,2010-11-16,2011-04-12,147
T051,The Alley,10-11,2010-11-23,2011-04-10,138
T089,The Grizz,10-11,2010-11-18,2011-04-10,143
T155,The Slot,10-11,2010-12-25,2011-04-10,106
T078,The Willows,10-11,2010-12-10,2011-04-10,121
T148,The Windows,10-11,2010-12-04,2011-04-06,123
T090,Timberwolf,10-11,2010-11-18,2011-04-10,143
T015,Two Sled Road,10-11,2010-12-01,2011-04-10,130
T156,Wayback L.L.,10-11,2010-12-13,2011-04-10,102
T038,Whipsaw,10-11,2010-11-16,2011-04-12,147
T039,Wild Irishman,10-11,2010-11-18,2011-04-12,138
T091,Wildfire,10-11,2010-11-18,2011-04-10,143
T092,Wolverine,10-11,2010-11-18,2011-04-10,143
T151,A-51 Bypass,09-10,2009-12-24,2010-04-13,110
T068,Ambush,09-10,2009-12-22,2010-04-11,109
T063,Anticipation,09-10,2009-12-10,2010-04-11,122
T016,Bachelor,09-10,2009-12-18,2010-04-13,114
T084,Badger,09-10,2009-12-22,2010-04-11,109
T017,Ballhooter,09-10,2009-12-28,2010-04-11,104
T152,Bear Tree,09-10,2009-11-21,2010-04-13,143
T018,Beger,09-10,2009-12-16,2010-04-13,118
T134,Bergman Bowl,09-10,2009-12-20,2010-04-01,92
T080,Bighorn,09-10,2009-12-27,2010-04-11,105
T085,Black Forest,09-10,2009-12-24,2010-04-11,108
T069,Black Hawk,09-10,2010-02-14,2010-04-01,46
T019,Bobtail,09-10,2010-02-14,2010-03-10,22
T070,Bullet,09-10,2009-12-24,2010-04-11,108
T071,Bullet Glades,09-10,2010-01-05,2010-04-11,96
T086,Bushwhacker,09-10,2009-12-24,2010-04-11,108
T072,Cat Dancer,09-10,2010-01-08,2010-04-11,93
T073,Cat South Glades,09-10,2010-01-08,2010-04-11,93
T087,Coyote Caper,09-10,2009-12-24,2010-04-11,108
T020,Cross Cut,09-10,2009-12-18,2010-04-13,109
T021,Dercum's Dash,09-10,2009-11-21,2010-04-13,143
T040,Diamond Back,09-10,2009-12-31,2010-04-11,101
T002,Discovery,09-10,2009-11-24,2010-04-05,118
T004,Easy Street,09-10,2010-01-03,2010-04-13,100
T077,Elk Run,09-10,2009-12-22,2010-04-11,110
T005,Endeavor,09-10,2009-11-04,2010-04-11,158
T135,Erickson Bowl,09-10,2010-01-01,2010-04-01,60
T157,Escape,09-10,2009-12-24,2010-04-11,108
T022,Flying Dutchman,09-10,2009-11-04,2010-04-13,160
T066,Foxtrot,09-10,2010-01-02,2010-04-11,99
T006,Freda's,09-10,2009-12-18,2010-04-13,112
T023,Frenchman,09-10,2009-12-16,2010-04-13,118
T024,Gassy Thompson,09-10,2009-12-18,2010-04-11,112
T074,Geronimo,09-10,2010-01-07,2010-04-11,94
T075,Glades,09-10,2010-02-19,2010-04-11,51
T043,Go Devil Lower,09-10,2009-12-31,2010-04-11,101
T042,Go Devil Upper,09-10,2010-01-08,2010-03-28,79
T025,Haywood,09-10,2009-12-21,2010-04-11,111
T026,Hoodoo,09-10,2009-12-18,2010-04-11,110
T052,I-70,09-10,2009-12-18,2010-03-28,100
T044,Ida Belle,09-10,2009-12-27,2010-04-11,105
T007,Ina's Way,09-10,2009-11-21,2010-04-13,143
T127,Independence Bowl,09-10,2010-01-08,2010-04-01,83
T045,Jack Face,09-10,2009-12-20,2010-04-13,114
T027,Jackwhacker,09-10,2009-11-06,2010-04-13,158
T028,Jacques St. James,09-10,2009-12-18,2010-04-13,112
T008,Jaybird,09-10,2009-11-18,2010-04-13,127
T064,Last Alamo,09-10,2009-12-03,2010-04-11,129
T009,Last Chance,09-10,2009-11-18,2010-04-13,128
T046,Last Hoot,09-10,2010-01-27,2010-04-11,64
T083,Lodgepole,09-10,2009-12-27,2010-04-11,105
T053,Main Street,09-10,2009-12-18,2010-04-11,114
T029,Midland,09-10,2009-12-16,2010-04-13,118
T047,Mineshaft,09-10,2010-02-27,2010-03-05,6
T030,Missouri,09-10,2009-12-24,2010-04-13,110
T010,Modest Girl,09-10,2009-12-18,2010-04-13,116
T031,Mozart,09-10,2009-11-27,2010-04-11,135
T136,North Bowl,09-10,2010-01-01,2010-04-06,95
T081,Oh Bob,09-10,2009-12-24,2010-04-11,108
T032,Orfint Boy,09-10,2010-01-07,2010-03-07,31
T048,Packsaddle Bowl,09-10,2010-01-08,2010-04-11,93
T054,Park Lane,09-10,2009-11-30,2010-04-11,132
T033,Paymaster,09-10,2009-12-23,2010-04-13,111
T088,Pika Glades,09-10,2010-01-04,2010-04-11,96
T079,Porcupine,09-10,2009-12-27,2010-04-11,105
T076,Powder Cap,09-10,2009-12-22,2010-04-11,109
T061,Prospector,09-10,2009-12-03,2010-04-11,129
T049,Richter,09-10,2009-12-31,2010-04-11,94
T034,River Run,09-10,2009-11-04,2010-04-13,160
T035,Sante Fe,09-10,2009-12-18,2010-04-11,105
T011,Schoolmarm,09-10,2009-11-18,2010-04-13,146
T012,Scout,09-10,2009-12-18,2010-04-11,114
T013,Silver Spoon,09-10,2009-11-18,2010-04-13,146
T003,Silvermaster,09-10,2009-12-25,2010-04-13,109
T137,South Bowl,09-10,2010-01-07,2010-04-06,89
T065,Spillway,09-10,2010-01-04,2010-04-11,97
T036,Spring Dipper,09-10,2009-11-04,2010-04-13,160
T067,Starfire,09-10,2009-12-18,2010-04-11,114
T037,Swandyke,09-10,2010-01-02,2010-04-11,99
T051,The Alley,09-10,2009-11-30,2010-04-11,132
T089,The Grizz,09-10,2009-12-30,2010-04-11,102
T155,The Slot,09-10,2010-01-08,2010-03-28,79
T078,The Willows,09-10,2009-12-25,2010-04-11,107
T148,The Windows,09-10,2010-02-20,2010-03-13,15
T090,Timberwolf,09-10,2009-12-22,2010-04-11,109
T015,Two Sled Road,09-10,2009-12-18,2010-04-11,114
T156,Wayback L.L.,09-10,2010-02-14,2010-03-07,21
T038,Whipsaw,09-10,2009-12-18,2010-04-13,98
T039,Wild Irishman,09-10,2009-12-18,2010-04-13,104
T091,Wildfire,09-10,2010-01-03,2010-04-11,97
T092,Wolverine,09-10,2010-01-03,2010-04-11,97
T151,A-51 Bypass,08-09,2008-12-05,2009-04-11,127
T068,Ambush,08-09,2008-12-05,2009-04-11,122
T063,Anticipation,08-09,2008-12-05,2009-04-11,116
T016,Bachelor,08-09,2008-12-05,2009-04-13,124
T084,Badger,08-09,2008-12-05,2009-04-11,122
T017,Ballhooter,08-09,2008-12-05,2009-04-11,120
T152,Bear Tree,08-09,2008-11-26,2009-04-13,137
T018,Beger,08-09,2008-12-23,2009-04-13,105
T134,Bergman Bowl,08-09,2008-12-12,2009-04-11,120
T080,Bighorn,08-09,2008-12-16,2009-04-11,116
T085,Black Forest,08-09,2008-12-05,2009-04-11,122
T069,Black Hawk,08-09,2008-12-22,2009-04-11,110
T019,Bobtail,08-09,2008-12-15,2009-04-11,100
T070,Bullet,08-09,2008-12-21,2009-04-11,111
T071,Bullet Glades,08-09,2008-12-21,2009-04-11,111
T086,Bushwhacker,08-09,2008-12-05,2009-04-11,122
T072,Cat Dancer,08-09,2008-12-19,2009-04-11,113
T073,Cat South Glades,08-09,2008-12-19,2009-04-11,113
T087,Coyote Caper,08-09,2008-12-05,2009-04-11,122
T020,Cross Cut,08-09,2008-12-12,2009-04-11,120
T021,Dercum's Dash,08-09,2008-11-26,2009-04-13,137
T040,Diamond Back,08-09,2008-12-28,2009-04-11,94
T002,Discovery,08-09,2008-11-26,2009-04-06,118
T004,Easy Street,08-09,2008-12-05,2009-04-13,110
T077,Elk Run,08-09,2008-12-16,2009-04-11,116
T005,Endeavor,08-09,2008-11-07,2009-04-11,155
T135,Erickson Bowl,08-09,2008-12-15,2009-04-11,117
T157,Escape,08-09,2008-12-16,2009-04-11,116
T022,Flying Dutchman,08-09,2008-11-13,2009-04-13,150
T066,Foxtrot,08-09,2008-12-12,2009-04-11,120
T006,Freda's,08-09,2008-12-05,2009-04-11,121
T023,Frenchman,08-09,2008-12-23,2009-04-11,109
T024,Gassy Thompson,08-09,2008-12-05,2009-04-13,122
T074,Geronimo,08-09,2008-12-19,2009-04-11,113
T075,Glades,08-09,2008-12-22,2009-04-11,106
T043,Go Devil Lower,08-09,2009-01-04,2009-04-11,91
T042,Go Devil Upper,08-09,2009-01-13,2009-04-11,88
T025,Haywood,08-09,2008-12-30,2009-04-11,102
T026,Hoodoo,08-09,2008-12-05,2009-04-11,121
T044,Ida Belle,08-09,2008-12-15,2009-04-11,117
T007,Ina's Way,08-09,2008-11-26,2009-04-13,137
T127,Independence Bowl,08-09,2008-12-18,2009-04-11,114
T045,Jack Face,08-09,2008-12-14,2009-04-13,119
T027,Jackwhacker,08-09,2008-12-10,2009-04-13,123
T028,Jacques St. James,08-09,2008-12-05,2009-04-13,119
T008,Jaybird,08-09,2008-11-21,2009-04-11,141
T064,Last Alamo,08-09,2008-12-05,2009-04-11,122
T009,Last Chance,08-09,2008-11-14,2009-04-13,149
T046,Last Hoot,08-09,2009-01-04,2009-04-11,97
T083,Lodgepole,08-09,2008-12-12,2009-04-11,120
T029,Midland,08-09,2008-12-23,2009-04-13,103
T047,Mineshaft,08-09,2008-12-21,2009-04-11,88
T030,Missouri,08-09,2008-12-14,2009-04-13,112
T010,Modest Girl,08-09,2008-12-12,2009-04-11,120
T031,Mozart,08-09,2008-12-05,2009-04-11,122
T136,North Bowl,08-09,2008-12-05,2009-04-11,122
T081,Oh Bob,08-09,2008-12-16,2009-04-11,116
T032,Orfint Boy,08-09,2008-12-14,2009-04-11,108
T033,Paymaster,08-09,2008-12-15,2009-04-11,117
T088,Pika Glades,08-09,2008-12-16,2009-04-11,116
T079,Porcupine,08-09,2008-12-16,2009-04-11,116
T076,Powder Cap,08-09,2008-12-05,2009-04-11,122
T061,Prospector,08-09,2008-12-05,2009-04-11,122
T034,River Run,08-09,2008-11-07,2009-04-13,156
T035,Sante Fe,08-09,2008-12-05,2009-04-13,121
T011,Schoolmarm,08-09,2008-11-14,2009-04-13,149
T012,Scout,08-09,2008-12-03,2009-04-11,129
T013,Silver Spoon,08-09,2008-11-14,2009-04-13,149
T003,Silvermaster,08-09,2009-01-13,2009-04-11,81
T137,South Bowl,08-09,2008-12-12,2009-04-11,120
T065,Spillway,08-09,2008-12-18,2009-04-11,114
T036,Spring Dipper,08-09,2008-11-07,2009-04-13,156
T067,Starfire,08-09,2008-12-19,2009-04-11,113
T037,Swandyke,08-09,2008-12-05,2009-04-13,114
T089,The Grizz,08-09,2008-12-05,2009-04-11,122
T078,The Willows,08-09,2008-12-24,2009-04-11,108
T148,The Windows,08-09,2008-12-20,2009-04-06,91
T090,Timberwolf,08-09,2008-12-05,2009-04-11,122
T015,Two Sled Road,08-09,2008-12-14,2009-04-11,118
T156,Wayback L.L.,08-09,2008-12-21,2009-03-16,81
T038,Whipsaw,08-09,2008-12-05,2009-04-13,128
T039,Wild Irishman,08-09,2008-12-19,2009-04-11,102
T091,Wildfire,08-09,2008-12-16,2009-04-11,116
T092,Wolverine,08-09,2008-12-16,2009-04-11,116
T068,Ambush,07-08,2007-12-06,2008-04-14,130
T063,Anticipation,07-08,2007-12-08,2008-04-14,128
T016,Bachelor,07-08,2007-12-06,2008-04-15,131
T084,Badger,07-08,2007-12-07,2008-04-14,129
T017,Ballhooter,07-08,2007-12-07,2008-04-14,114
T152,Bear Tree,07-08,2007-11-22,2008-04-15,145
T018,Beger,07-08,2007-12-07,2008-04-15,110
T134,Bergman Bowl,07-08,2007-12-07,2008-04-14,129
T080,Bighorn,07-08,2007-12-07,2008-04-14,129
T085,Black Forest,07-08,2007-12-07,2008-04-14,129
T069,Black Hawk,07-08,2007-12-23,2008-04-14,113
T019,Bobtail,07-08,2007-12-07,2008-04-14,127
T070,Bullet,07-08,2007-12-06,2008-04-14,130
T071,Bullet Glades,07-08,2007-12-06,2008-04-14,130
T086,Bushwhacker,07-08,2007-12-07,2008-04-14,129
T072,Cat Dancer,07-08,2007-12-10,2008-04-14,126
T073,Cat South Glades,07-08,2007-12-10,2008-04-14,126
T087,Coyote Caper,07-08,2007-12-07,2008-04-14,129
T020,Cross Cut,07-08,2007-12-07,2008-04-14,125
T021,Dercum's Dash,07-08,2007-11-16,2008-04-15,151
T040,Diamond Back,07-08,2007-12-09,2008-04-14,117
T002,Discovery,07-08,2007-12-14,2008-03-31,108
T004,Easy Street,07-08,2008-01-07,2008-04-15,99
T077,Elk Run,07-08,2007-12-07,2008-04-14,129
T005,Endeavor,07-08,2007-11-02,2008-04-14,164
T135,Erickson Bowl,07-08,2007-12-10,2008-04-03,115
T157,Escape,07-08,2007-12-07,2008-04-14,129
T022,Flying Dutchman,07-08,2007-11-30,2008-04-15,137
T066,Foxtrot,07-08,2007-12-07,2008-04-14,129
T006,Freda's,07-08,2007-12-07,2008-04-14,126
T023,Frenchman,07-08,2007-12-10,2008-04-14,115
T024,Gassy Thompson,07-08,2007-12-07,2008-04-15,130
T074,Geronimo,07-08,2007-12-10,2008-04-14,126
T075,Glades,07-08,2007-12-23,2008-04-14,113
T043,Go Devil Lower,07-08,2007-12-21,2008-04-14,115
T042,Go Devil Upper,07-08,2007-12-21,2008-04-14,115
T025,Haywood,07-08,2007-12-23,2008-04-14,112
T026,Hoodoo,07-08,2007-12-07,2008-04-14,126
T044,Ida Belle,07-08,2007-12-07,2008-04-14,129
T007,Ina's Way,07-08,2007-11-27,2008-04-15,140
T127,Independence Bowl,07-08,2007-12-13,2008-04-14,123
T045,Jack Face,07-08,2007-12-06,2008-04-15,131
T027,Jackwhacker,07-08,2007-12-23,2008-04-15,114
T028,Jacques St. James,07-08,2007-12-07,2008-04-15,120
T008,Jaybird,07-08,2007-11-28,2008-04-14,134
T064,Last Alamo,07-08,2007-12-06,2008-04-14,130
T009,Last Chance,07-08,2007-11-08,2008-04-15,159
T046,Last Hoot,07-08,2007-12-26,2008-04-14,96
T083,Lodgepole,07-08,2007-12-07,2008-04-14,129
T029,Midland,07-08,2007-12-07,2008-04-15,110
T047,Mineshaft,07-08,2007-12-09,2008-04-14,127
T030,Missouri,07-08,2007-12-07,2008-04-15,125
T010,Modest Girl,07-08,2007-12-09,2008-04-14,123
T031,Mozart,07-08,2007-12-13,2008-04-14,123
T136,North Bowl,07-08,2007-12-07,2008-04-14,129
T081,Oh Bob,07-08,2007-12-07,2008-04-14,129
T032,Orfint Boy,07-08,2007-12-07,2008-04-14,118
T033,Paymaster,07-08,2007-12-06,2008-04-14,129
T088,Pika Glades,07-08,2007-12-07,2008-04-14,129
T079,Porcupine,07-08,2007-12-07,2008-04-14,129
T076,Powder Cap,07-08,2007-12-06,2008-04-14,130
T061,Prospector,07-08,2007-12-06,2008-04-14,130
T034,River Run,07-08,2007-11-16,2008-04-15,151
T035,Sante Fe,07-08,2007-12-06,2008-04-15,131
T011,Schoolmarm,07-08,2007-11-08,2008-04-15,159
T012,Scout,07-08,2007-12-07,2008-04-14,129
T013,Silver Spoon,07-08,2007-11-08,2008-04-15,159
T003,Silvermaster,07-08,2008-01-03,2008-04-14,102
T137,South Bowl,07-08,2007-12-07,2008-04-14,129
T065,Spillway,07-08,2007-12-08,2008-04-14,128
T036,Spring Dipper,07-08,2007-11-02,2008-04-15,165
T067,Starfire,07-08,2007-12-06,2008-04-14,130
T037,Swandyke,07-08,2007-12-07,2008-04-15,125
T089,The Grizz,07-08,2007-12-07,2008-04-14,129
T078,The Willows,07-08,2007-12-07,2008-04-14,120
T148,The Windows,07-08,2007-12-27,2008-04-02,95
T090,Timberwolf,07-08,2007-12-07,2008-04-14,129
T015,Two Sled Road,07-08,2007-12-13,2008-04-14,123
T156,Wayback L.L.,07-08,2007-12-23,2008-04-14,109
T038,Whipsaw,07-08,2007-12-06,2008-04-15,129
T039,Wild Irishman,07-08,2007-12-06,2008-04-14,125
T091,Wildfire,07-08,2007-12-07,2008-04-14,129
T092,Wolverine,07-08,2007-12-07,2008-04-14,129
T068,Ambush,06-07,2006-11-21,2007-04-16,146
T063,Anticipation,06-07,2006-11-22,2007-04-16,136
T016,Bachelor,06-07,2006-11-01,2007-04-16,166
T084,Badger,06-07,2006-11-22,2007-04-16,136
T017,Ballhooter,06-07,2006-12-01,2007-04-16,136
T152,Bear Tree,06-07,2006-11-09,2007-04-16,158
T018,Beger,06-07,2006-12-01,2007-04-16,135
T134,Bergman Bowl,06-07,2006-11-23,2007-04-16,143
T080,Bighorn,06-07,2006-12-01,2007-04-16,132
T085,Black Forest,06-07,2006-11-22,2007-04-16,136
T069,Black Hawk,06-07,2006-12-22,2007-04-16,115
T019,Bobtail,06-07,2006-11-16,2007-03-13,54
T070,Bullet,06-07,2006-11-21,2007-04-16,142
T071,Bullet Glades,06-07,2006-12-01,2007-04-16,132
T086,Bushwhacker,06-07,2006-11-22,2007-04-16,136
T072,Cat Dancer,06-07,2006-11-21,2007-04-16,146
T073,Cat South Glades,06-07,2006-12-01,2007-04-16,136
T087,Coyote Caper,06-07,2006-11-25,2007-04-16,133
T020,Cross Cut,06-07,2006-11-01,2007-04-16,163
T021,Dercum's Dash,06-07,2006-11-09,2007-04-16,158
T040,Diamond Back,06-07,2006-12-23,2007-04-16,114
T002,Discovery,06-07,2006-11-22,2007-04-01,116
T004,Easy Street,06-07,2006-12-23,2007-04-16,114
T077,Elk Run,06-07,2006-12-01,2007-04-16,132
T005,Endeavor,06-07,2006-11-01,2007-04-16,166
T135,Erickson Bowl,06-07,2006-12-01,2007-04-16,128
T157,Escape,06-07,2006-12-01,2007-04-16,132
T022,Flying Dutchman,06-07,2006-11-01,2007-04-16,166
T066,Foxtrot,06-07,2006-11-22,2007-04-16,136
T006,Freda's,06-07,2006-11-16,2007-04-16,151
T023,Frenchman,06-07,2006-12-01,2007-04-16,127
T024,Gassy Thompson,06-07,2006-11-16,2007-04-16,151
T074,Geronimo,06-07,2006-11-21,2007-04-16,146
T075,Glades,06-07,2006-12-22,2007-04-16,115
T043,Go Devil Lower,06-07,2006-12-14,2007-04-01,108
T042,Go Devil Upper,06-07,2006-12-14,2007-04-01,108
T025,Haywood,06-07,2006-12-08,2007-04-16,127
T026,Hoodoo,06-07,2006-11-16,2007-04-16,151
T044,Ida Belle,06-07,2006-11-16,2007-04-16,142
T007,Ina's Way,06-07,2006-11-09,2007-04-16,158
T127,Independence Bowl,06-07,2006-11-23,2007-04-16,142
T045,Jack Face,06-07,2006-11-01,2007-04-16,158
T027,Jackwhacker,06-07,2006-11-01,2007-04-16,158
T028,Jacques St. James,06-07,2006-12-01,2007-04-16,130
T008,Jaybird,06-07,2006-11-01,2007-04-16,162
T064,Last Alamo,06-07,2006-11-21,2007-04-16,146
T009,Last Chance,06-07,2006-11-09,2007-04-16,158
T046,Last Hoot,06-07,2006-12-08,2007-04-01,110
T083,Lodgepole,06-07,2006-12-01,2007-04-16,132
T029,Midland,06-07,2006-12-01,2007-04-16,133
T047,Mineshaft,06-07,2007-01-08,2007-03-13,34
T030,Missouri,06-07,2006-12-01,2007-04-16,136
T010,Modest Girl,06-07,2006-12-01,2007-04-16,136
T031,Mozart,06-07,2006-11-21,2007-04-16,146
T136,North Bowl,06-07,2006-11-22,2007-04-16,136
T081,Oh Bob,06-07,2006-12-01,2007-04-16,132
T032,Orfint Boy,06-07,2006-11-16,2007-03-06,62
T033,Paymaster,06-07,2006-11-10,2007-04-16,141
T088,Pika Glades,06-07,2006-12-01,2007-04-16,132
T079,Porcupine,06-07,2006-12-01,2007-04-16,132
T076,Powder Cap,06-07,2006-11-21,2007-04-16,146
T061,Prospector,06-07,2006-11-21,2007-04-16,146
T034,River Run,06-07,2006-11-10,2007-04-16,157
T035,Sante Fe,06-07,2006-11-01,2007-04-16,166
T011,Schoolmarm,06-07,2006-11-01,2007-04-16,166
T012,Scout,06-07,2006-11-21,2007-04-16,146
T013,Silver Spoon,06-07,2006-11-09,2007-04-16,158
T003,Silvermaster,06-07,2006-12-20,2007-04-16,117
T137,South Bowl,06-07,2006-12-01,2007-04-16,132
T065,Spillway,06-07,2006-12-01,2007-04-16,132
T036,Spring Dipper,06-07,2006-11-01,2007-04-16,166
T067,Starfire,06-07,2006-11-21,2007-04-16,142
T037,Swandyke,06-07,2006-12-01,2007-04-16,136
T089,The Grizz,06-07,2006-11-22,2007-04-16,136
T078,The Willows,06-07,2006-12-01,2007-04-16,132
T148,The Windows,06-07,2006-12-24,2007-04-03,82
T090,Timberwolf,06-07,2006-11-22,2007-04-16,136
T015,Two Sled Road,06-07,2006-12-01,2007-04-16,136
T156,Wayback L.L.,06-07,2007-01-07,2007-03-06,16
T038,Whipsaw,06-07,2006-11-01,2007-04-16,166
T039,Wild Irishman,06-07,2006-11-01,2007-04-16,152
T091,Wildfire,06-07,2006-12-01,2007-04-16,132
T092,Wolverine,06-07,2006-12-01,2007-04-16,132